Review_ID,Review,Sentiment
148,easy to use and really helpful,positive
746,very unhappy with the experience overall,negative
222,easy to use and really helpful,positive
1053,the application has standard features,neutral
233,excellent product and works perfectly,positive
559,waste of money,negative
866,the application shows account information,neutral
664,difficult to use and confusing,negative
927,the order arrived in a regular package,neutral
596,unhelpful support team overall,negative
1108,the update was released this week,neutral
921,the product comes in three sizes,neutral
948,the application shows account information for me,neutral
259,very satisfied with the experience,positive
149,amazing experience and great quality,positive
898,the product arrived today,neutral
428,difficult to use and confusing,negative
216,very satisfied with the experience,positive
917,the service has online and offline options so far,neutral
33,worth the money,positive
4,excellent product and works perfectly overall,positive
5,easy to use and really helpful,positive
535,waste of money,negative
1116,the product comes in three sizes,neutral
471,bad quality and poor performance today,negative
1020,the update was released this week for me,neutral
928,the service has online and offline options,neutral
821,the service has online and offline options,neutral
113,easy to use and really helpful,positive
453,application keeps crashing,negative
641,application keeps crashing for me,negative
500,waste of money,negative
970,the application has standard features,neutral
1169,the update was released this week so far,neutral
684,late delivery and damaged product,negative
143,very happy with the service,positive
1123,the service has online and offline options,neutral
433,very unhappy with the experience,negative
1038,the update was released this week,neutral
1043,the product arrived today for me,neutral
333,very happy with the service today,positive
710,terrible product and stopped working,negative
630,bad quality and poor performance today,negative
110,quick delivery and great product,positive
189,easy to use and really helpful,positive
699,slow and unreliable service,negative
654,difficult to use and confusing,negative
161,worth the money,positive
544,waste of money,negative
851,the support team replied to my message,neutral
1174,the order contains the listed items so far,neutral
218,great support and quick response,positive
1140,the product comes in three sizes,neutral
755,slow and unreliable service for me,negative
418,terrible product and stopped working,negative
1156,the support team replied to my message overall,neutral
617,very disappointing and poor quality,negative
888,the product arrived today,neutral
829,the application shows account information,neutral
391,fantastic quality and smooth performance,positive
655,slow and unreliable service,negative
429,application keeps crashing,negative
338,great support and quick response,positive
224,amazing experience and great quality overall,positive
585,application keeps crashing,negative
439,waste of money,negative
527,difficult to use and confusing,negative
727,bad quality and poor performance,negative
611,application keeps crashing,negative
658,very disappointing and poor quality,negative
309,great support and quick response overall,positive
399,quick delivery and great product,positive
351,excellent design and useful features,positive
19,excellent design and useful features,positive
59,quick delivery and great product,positive
1112,the support team replied to my message,neutral
487,unhelpful support team so far,negative
129,amazing experience and great quality,positive
297,fantastic quality and smooth performance,positive
839,the service is available during business hours,neutral
949,the application has standard features,neutral
1185,the product comes in three sizes so far,neutral
765,late delivery and damaged product,negative
1052,the service has online and offline options,neutral
985,the product arrived today,neutral
742,terrible product and stopped working,negative
668,very disappointing and poor quality,negative
701,very unhappy with the experience,negative
1162,the application shows account information,neutral
188,excellent product and works perfectly,positive
788,slow and unreliable service,negative
587,difficult to use and confusing,negative
1152,the application shows account information for me,neutral
822,the service is available during business hours today,neutral
575,bad quality and poor performance for me,negative
676,terrible product and stopped working,negative
713,bad quality and poor performance,negative
983,the product comes in three sizes,neutral
436,terrible product and stopped working,negative
127,excellent design and useful features,positive
571,unhelpful support team,negative
952,the support team replied to my message,neutral
481,very disappointing and poor quality overall,negative
574,terrible product and stopped working,negative
101,excellent product and works perfectly today,positive
493,difficult to use and confusing,negative
40,excellent design and useful features,positive
955,the order contains the listed items overall,neutral
525,very disappointing and poor quality,negative
863,the order arrived in a regular package,neutral
1037,the service has online and offline options,neutral
532,waste of money,negative
1172,the service has online and offline options for me,neutral
43,very happy with the service,positive
400,worth the money,positive
687,difficult to use and confusing,negative
1198,the service is available during business hours,neutral
462,unhelpful support team,negative
72,easy to use and really helpful,positive
1029,the update was released this week for me,neutral
1066,the update was released this week so far,neutral
835,the order contains the listed items,neutral
274,very satisfied with the experience,positive
159,excellent product and works perfectly,positive
602,waste of money today,negative
913,the order arrived in a regular package for me,neutral
1018,the application shows account information,neutral
414,waste of money,negative
390,great support and quick response,positive
186,very happy with the service,positive
432,application keeps crashing,negative
92,amazing experience and great quality overall,positive
198,easy to use and really helpful,positive
394,great support and quick response,positive
878,the application has standard features overall,neutral
1191,the update was released this week,neutral
820,the product comes in three sizes,neutral
1136,the application shows account information,neutral
1158,the service is available during business hours,neutral
108,excellent product and works perfectly,positive
194,very happy with the service,positive
1130,the service has online and offline options,neutral
625,late delivery and damaged product,negative
579,bad quality and poor performance today,negative
669,terrible product and stopped working,negative
269,excellent design and useful features,positive
348,quick delivery and great product,positive
733,difficult to use and confusing,negative
1085,the update was released this week,neutral
534,very disappointing and poor quality,negative
485,very disappointing and poor quality,negative
49,quick delivery and great product,positive
563,bad quality and poor performance,negative
589,bad quality and poor performance,negative
1005,the order contains the listed items,neutral
806,the service is available during business hours,neutral
441,bad quality and poor performance,negative
702,slow and unreliable service for me,negative
257,very satisfied with the experience,positive
772,late delivery and damaged product,negative
1026,the support team replied to my message overall,neutral
833,the service has online and offline options,neutral
675,terrible product and stopped working,negative
407,very disappointing and poor quality,negative
620,application keeps crashing so far,negative
1021,the application has standard features,neutral
362,worth the money,positive
799,bad quality and poor performance,negative
552,slow and unreliable service,negative
931,the service is available during business hours,neutral
634,late delivery and damaged product,negative
425,terrible product and stopped working,negative
978,the support team replied to my message,neutral
1060,the service is available during business hours,neutral
495,application keeps crashing,negative
757,application keeps crashing,negative
395,excellent design and useful features,positive
120,amazing experience and great quality today,positive
56,very happy with the service,positive
486,application keeps crashing,negative
118,very happy with the service,positive
682,very disappointing and poor quality for me,negative
1051,the product comes in three sizes,neutral
940,the service has online and offline options for me,neutral
250,fantastic quality and smooth performance,positive
781,difficult to use and confusing,negative
1007,the update was released this week,neutral
1089,the order arrived in a regular package,neutral
510,waste of money,negative
775,unhelpful support team,negative
1033,the product arrived today,neutral
1072,the product comes in three sizes,neutral
541,very disappointing and poor quality,negative
1101,the service has online and offline options,neutral
341,quick delivery and great product overall,positive
841,the product arrived today,neutral
413,bad quality and poor performance,negative
594,waste of money,negative
901,the order contains the listed items,neutral
241,very satisfied with the experience,positive
794,slow and unreliable service,negative
280,easy to use and really helpful,positive
1155,the application shows account information,neutral
1141,the service is available during business hours overall,neutral
715,slow and unreliable service,negative
736,very unhappy with the experience,negative
416,waste of money,negative
53,worth the money for me,positive
1111,the product comes in three sizes,neutral
1046,the application has standard features for me,neutral
166,quick delivery and great product,positive
918,the order arrived in a regular package today,neutral
856,the application shows account information,neutral
200,very satisfied with the experience,positive
1034,the support team replied to my message,neutral
1192,the product arrived today,neutral
885,the application shows account information,neutral
261,very happy with the service,positive
767,slow and unreliable service,negative
73,easy to use and really helpful,positive
24,fantastic quality and smooth performance,positive
314,very satisfied with the experience today,positive
546,application keeps crashing for me,negative
531,waste of money,negative
696,very disappointing and poor quality,negative
929,the service is available during business hours,neutral
789,very unhappy with the experience,negative
911,the service is available during business hours overall,neutral
657,waste of money,negative
853,the service has online and offline options,neutral
678,application keeps crashing,negative
298,great support and quick response,positive
915,the product comes in three sizes,neutral
1011,the product arrived today,neutral
115,excellent design and useful features so far,positive
452,waste of money overall,negative
689,very disappointing and poor quality,negative
569,unhelpful support team for me,negative
639,late delivery and damaged product,negative
8,very satisfied with the experience,positive
175,excellent product and works perfectly,positive
706,unhelpful support team,negative
237,easy to use and really helpful,positive
163,fantastic quality and smooth performance,positive
102,fantastic quality and smooth performance,positive
999,the service has online and offline options,neutral
905,the application shows account information,neutral
313,very happy with the service,positive
501,application keeps crashing overall,negative
860,the product comes in three sizes,neutral
1009,the product arrived today,neutral
610,late delivery and damaged product,negative
592,very disappointing and poor quality,negative
236,quick delivery and great product,positive
712,waste of money,negative
1129,the update was released this week today,neutral
1098,the order arrived in a regular package,neutral
128,quick delivery and great product so far,positive
30,great support and quick response,positive
973,the update was released this week overall,neutral
886,the order arrived in a regular package,neutral
306,great support and quick response,positive
15,worth the money,positive
528,difficult to use and confusing,negative
304,worth the money overall,positive
1177,the product arrived today,neutral
858,the application shows account information,neutral
1184,the order arrived in a regular package,neutral
1025,the product arrived today,neutral
264,fantastic quality and smooth performance,positive
605,application keeps crashing today,negative
831,the order contains the listed items so far,neutral
731,slow and unreliable service,negative
566,very disappointing and poor quality,negative
998,the application shows account information,neutral
538,bad quality and poor performance,negative
1077,the service is available during business hours so far,neutral
717,late delivery and damaged product,negative
900,the product comes in three sizes,neutral
214,quick delivery and great product,positive
295,very satisfied with the experience,positive
165,great support and quick response,positive
545,waste of money so far,negative
372,excellent design and useful features,positive
69,quick delivery and great product,positive
384,great support and quick response,positive
728,terrible product and stopped working for me,negative
966,the application shows account information,neutral
1039,the support team replied to my message for me,neutral
761,bad quality and poor performance,negative
156,fantastic quality and smooth performance,positive
685,slow and unreliable service,negative
1086,the product arrived today,neutral
1154,the support team replied to my message overall,neutral
1084,the service has online and offline options,neutral
893,the application has standard features,neutral
521,bad quality and poor performance,negative
451,difficult to use and confusing,negative
721,waste of money so far,negative
859,the update was released this week,neutral
726,waste of money,negative
1167,the product comes in three sizes,neutral
74,fantastic quality and smooth performance,positive
583,bad quality and poor performance so far,negative
472,very unhappy with the experience,negative
358,very satisfied with the experience,positive
647,unhelpful support team,negative
797,unhelpful support team,negative
988,the product comes in three sizes today,neutral
842,the product comes in three sizes,neutral
197,easy to use and really helpful,positive
906,the application has standard features so far,neutral
810,the service has online and offline options,neutral
516,bad quality and poor performance,negative
840,the service has online and offline options,neutral
147,excellent product and works perfectly,positive
565,difficult to use and confusing,negative
397,very satisfied with the experience,positive
1055,the service has online and offline options for me,neutral
971,the product comes in three sizes so far,neutral
777,slow and unreliable service,negative
1016,the order arrived in a regular package,neutral
291,quick delivery and great product,positive
346,very satisfied with the experience so far,positive
987,the application has standard features,neutral
834,the product comes in three sizes,neutral
925,the support team replied to my message,neutral
379,excellent product and works perfectly,positive
380,amazing experience and great quality today,positive
301,quick delivery and great product,positive
320,fantastic quality and smooth performance,positive
997,the service is available during business hours,neutral
235,fantastic quality and smooth performance,positive
959,the support team replied to my message,neutral
142,quick delivery and great product today,positive
167,quick delivery and great product,positive
283,excellent design and useful features,positive
419,difficult to use and confusing,negative
1004,the product comes in three sizes,neutral
945,the update was released this week,neutral
1106,the order arrived in a regular package,neutral
1030,the application shows account information for me,neutral
496,terrible product and stopped working,negative
133,excellent design and useful features so far,positive
479,very disappointing and poor quality today,negative
981,the application has standard features,neutral
814,the update was released this week,neutral
1118,the support team replied to my message,neutral
852,the support team replied to my message,neutral
350,fantastic quality and smooth performance,positive
371,excellent product and works perfectly so far,positive
217,easy to use and really helpful,positive
22,great support and quick response,positive
65,great support and quick response overall,positive
99,easy to use and really helpful for me,positive
1032,the order contains the listed items,neutral
1170,the service is available during business hours overall,neutral
854,the product arrived today,neutral
881,the update was released this week,neutral
1171,the order contains the listed items,neutral
76,quick delivery and great product,positive
984,the application has standard features,neutral
347,fantastic quality and smooth performance,positive
919,the application shows account information,neutral
265,easy to use and really helpful overall,positive
1148,the service is available during business hours,neutral
258,excellent design and useful features,positive
561,terrible product and stopped working today,negative
924,the application shows account information so far,neutral
695,very disappointing and poor quality,negative
41,excellent design and useful features,positive
891,the product arrived today,neutral
376,very satisfied with the experience,positive
937,the application shows account information for me,neutral
1019,the application shows account information,neutral
573,unhelpful support team,negative
838,the product arrived today,neutral
275,fantastic quality and smooth performance so far,positive
951,the support team replied to my message,neutral
776,very disappointing and poor quality,negative
707,late delivery and damaged product,negative
1076,the update was released this week,neutral
459,slow and unreliable service so far,negative
117,easy to use and really helpful,positive
553,application keeps crashing,negative
1087,the support team replied to my message,neutral
875,the application shows account information,neutral
677,slow and unreliable service,negative
343,amazing experience and great quality so far,positive
688,slow and unreliable service,negative
520,very disappointing and poor quality so far,negative
342,great support and quick response,positive
482,bad quality and poor performance,negative
1149,the application has standard features,neutral
78,excellent product and works perfectly,positive
723,application keeps crashing,negative
289,excellent design and useful features,positive
138,great support and quick response so far,positive
517,very disappointing and poor quality,negative
774,late delivery and damaged product,negative
614,waste of money,negative
226,easy to use and really helpful for me,positive
135,great support and quick response,positive
1187,the service has online and offline options,neutral
648,very unhappy with the experience,negative
801,the update was released this week,neutral
409,terrible product and stopped working,negative
1182,the application shows account information,neutral
190,excellent design and useful features,positive
1071,the service is available during business hours,neutral
199,very happy with the service overall,positive
943,the product arrived today,neutral
329,fantastic quality and smooth performance,positive
47,fantastic quality and smooth performance,positive
489,difficult to use and confusing,negative
435,very unhappy with the experience,negative
896,the application has standard features,neutral
242,excellent design and useful features,positive
1134,the product comes in three sizes overall,neutral
402,difficult to use and confusing,negative
158,amazing experience and great quality,positive
628,waste of money overall,negative
609,very disappointing and poor quality,negative
1126,the update was released this week,neutral
1031,the product arrived today so far,neutral
633,late delivery and damaged product for me,negative
872,the application has standard features,neutral
750,very disappointing and poor quality,negative
14,amazing experience and great quality,positive
450,unhelpful support team,negative
621,unhelpful support team,negative
246,very happy with the service for me,positive
308,amazing experience and great quality,positive
321,excellent design and useful features,positive
454,slow and unreliable service,negative
705,terrible product and stopped working,negative
498,application keeps crashing overall,negative
1133,the support team replied to my message today,neutral
219,quick delivery and great product,positive
920,the support team replied to my message,neutral
667,difficult to use and confusing,negative
466,very unhappy with the experience,negative
923,the order arrived in a regular package overall,neutral
665,waste of money,negative
431,application keeps crashing,negative
673,slow and unreliable service,negative
1080,the application has standard features,neutral
202,excellent design and useful features for me,positive
26,easy to use and really helpful,positive
523,late delivery and damaged product,negative
1179,the order contains the listed items,neutral
670,very disappointing and poor quality,negative
542,difficult to use and confusing for me,negative
1115,the order arrived in a regular package,neutral
136,great support and quick response,positive
636,difficult to use and confusing,negative
572,slow and unreliable service,negative
370,quick delivery and great product,positive
284,fantastic quality and smooth performance,positive
357,fantastic quality and smooth performance,positive
1088,the order contains the listed items,neutral
936,the order arrived in a regular package,neutral
909,the support team replied to my message,neutral
170,great support and quick response for me,positive
686,terrible product and stopped working,negative
28,very happy with the service,positive
1001,the order contains the listed items,neutral
223,worth the money,positive
456,very unhappy with the experience so far,negative
1073,the service is available during business hours overall,neutral
1010,the order arrived in a regular package,neutral
771,difficult to use and confusing,negative
737,waste of money,negative
16,excellent product and works perfectly,positive
604,unhelpful support team,negative
248,worth the money,positive
798,slow and unreliable service so far,negative
554,very disappointing and poor quality today,negative
305,easy to use and really helpful for me,positive
174,great support and quick response for me,positive
1035,the application has standard features today,neutral
460,late delivery and damaged product,negative
483,late delivery and damaged product,negative
1083,the update was released this week,neutral
1186,the application has standard features,neutral
375,very happy with the service,positive
83,great support and quick response,positive
969,the order contains the listed items today,neutral
693,waste of money,negative
88,fantastic quality and smooth performance,positive
176,quick delivery and great product,positive
502,slow and unreliable service,negative
1093,the service is available during business hours so far,neutral
488,difficult to use and confusing,negative
603,very unhappy with the experience,negative
622,waste of money,negative
11,worth the money,positive
151,fantastic quality and smooth performance,positive
1078,the application shows account information,neutral
1013,the support team replied to my message,neutral
410,bad quality and poor performance,negative
38,easy to use and really helpful,positive
232,excellent design and useful features,positive
84,easy to use and really helpful,positive
116,great support and quick response so far,positive
352,amazing experience and great quality today,positive
389,very happy with the service,positive
334,very happy with the service for me,positive
296,excellent product and works perfectly overall,positive
443,difficult to use and confusing,negative
1015,the support team replied to my message,neutral
986,the support team replied to my message,neutral
1059,the application has standard features,neutral
385,very satisfied with the experience,positive
360,worth the money,positive
864,the product comes in three sizes,neutral
598,very unhappy with the experience,negative
1196,the product arrived today,neutral
914,the order arrived in a regular package,neutral
1065,the support team replied to my message,neutral
449,application keeps crashing,negative
396,very satisfied with the experience,positive
50,excellent product and works perfectly,positive
995,the product comes in three sizes,neutral
111,quick delivery and great product today,positive
263,great support and quick response,positive
359,very satisfied with the experience,positive
70,very happy with the service,positive
991,the order arrived in a regular package for me,neutral
215,very happy with the service,positive
747,very disappointing and poor quality,negative
956,the product arrived today,neutral
458,waste of money,negative
819,the application shows account information,neutral
91,amazing experience and great quality so far,positive
172,worth the money,positive
876,the application shows account information so far,neutral
953,the order contains the listed items so far,neutral
808,the order arrived in a regular package so far,neutral
873,the product comes in three sizes,neutral
1161,the product comes in three sizes,neutral
145,very happy with the service,positive
681,terrible product and stopped working for me,negative
811,the application shows account information,neutral
227,worth the money,positive
608,very disappointing and poor quality,negative
1109,the application shows account information,neutral
1132,the update was released this week,neutral
993,the service is available during business hours overall,neutral
818,the service is available during business hours,neutral
640,late delivery and damaged product so far,negative
131,amazing experience and great quality,positive
302,very satisfied with the experience,positive
1113,the service has online and offline options overall,neutral
388,excellent design and useful features,positive
1045,the product arrived today,neutral
1150,the order arrived in a regular package,neutral
366,worth the money,positive
724,slow and unreliable service,negative
325,fantastic quality and smooth performance,positive
499,application keeps crashing overall,negative
982,the application shows account information overall,neutral
744,late delivery and damaged product so far,negative
764,late delivery and damaged product,negative
331,easy to use and really helpful,positive
310,great support and quick response overall,positive
1189,the service is available during business hours,neutral
104,quick delivery and great product,positive
1165,the service is available during business hours,neutral
383,great support and quick response,positive
75,worth the money,positive
374,easy to use and really helpful,positive
651,very unhappy with the experience,negative
114,excellent design and useful features today,positive
700,very unhappy with the experience,negative
735,application keeps crashing overall,negative
697,waste of money so far,negative
61,very happy with the service,positive
332,great support and quick response,positive
182,fantastic quality and smooth performance,positive
349,very satisfied with the experience today,positive
709,difficult to use and confusing,negative
207,easy to use and really helpful for me,positive
868,the product comes in three sizes,neutral
1,amazing experience and great quality so far,positive
490,very disappointing and poor quality,negative
540,application keeps crashing,negative
21,amazing experience and great quality overall,positive
615,late delivery and damaged product today,negative
623,terrible product and stopped working,negative
616,very unhappy with the experience so far,negative
813,the support team replied to my message so far,neutral
39,quick delivery and great product,positive
503,slow and unreliable service today,negative
962,the service is available during business hours for me,neutral
967,the product arrived today today,neutral
556,difficult to use and confusing,negative
505,application keeps crashing,negative
193,quick delivery and great product,positive
577,late delivery and damaged product,negative
874,the service is available during business hours,neutral
847,the support team replied to my message overall,neutral
783,terrible product and stopped working,negative
361,amazing experience and great quality,positive
1028,the product arrived today for me,neutral
1062,the order arrived in a regular package,neutral
770,slow and unreliable service,negative
1082,the support team replied to my message today,neutral
817,the update was released this week,neutral
181,great support and quick response,positive
1069,the support team replied to my message,neutral
364,fantastic quality and smooth performance,positive
637,very unhappy with the experience overall,negative
590,waste of money overall,negative
1006,the application shows account information for me,neutral
58,great support and quick response,positive
547,late delivery and damaged product,negative
1081,the order contains the listed items,neutral
1096,the order arrived in a regular package,neutral
254,excellent product and works perfectly,positive
103,very satisfied with the experience,positive
164,amazing experience and great quality,positive
825,the update was released this week,neutral
763,very disappointing and poor quality,negative
752,slow and unreliable service,negative
1022,the order contains the listed items,neutral
894,the product arrived today,neutral
980,the support team replied to my message for me,neutral
288,worth the money,positive
680,difficult to use and confusing,negative
225,fantastic quality and smooth performance,positive
612,terrible product and stopped working,negative
327,very satisfied with the experience,positive
27,amazing experience and great quality,positive
185,fantastic quality and smooth performance,positive
277,quick delivery and great product,positive
398,worth the money,positive
899,the service has online and offline options so far,neutral
869,the service has online and offline options,neutral
580,waste of money,negative
353,great support and quick response,positive
497,difficult to use and confusing,negative
558,waste of money,negative
492,waste of money so far,negative
368,fantastic quality and smooth performance,positive
780,very disappointing and poor quality so far,negative
1099,the application has standard features,neutral
557,very unhappy with the experience,negative
1097,the application shows account information,neutral
773,very disappointing and poor quality,negative
539,terrible product and stopped working,negative
205,excellent product and works perfectly,positive
807,the order contains the listed items,neutral
958,the order contains the listed items,neutral
892,the application has standard features,neutral
883,the application has standard features overall,neutral
90,excellent product and works perfectly,positive
63,excellent design and useful features,positive
1047,the update was released this week,neutral
957,the product comes in three sizes,neutral
422,very disappointing and poor quality,negative
511,very disappointing and poor quality,negative
303,great support and quick response overall,positive
1188,the application shows account information,neutral
830,the application has standard features,neutral
632,waste of money,negative
635,waste of money,negative
629,waste of money,negative
36,fantastic quality and smooth performance,positive
153,easy to use and really helpful,positive
457,slow and unreliable service so far,negative
950,the support team replied to my message,neutral
282,very satisfied with the experience for me,positive
1120,the order arrived in a regular package,neutral
220,easy to use and really helpful,positive
363,very satisfied with the experience,positive
177,easy to use and really helpful,positive
1074,the support team replied to my message,neutral
392,quick delivery and great product,positive
934,the application has standard features,neutral
1128,the service is available during business hours overall,neutral
405,slow and unreliable service,negative
444,very unhappy with the experience for me,negative
938,the product arrived today,neutral
1058,the order contains the listed items,neutral
52,quick delivery and great product,positive
473,unhelpful support team,negative
44,amazing experience and great quality,positive
126,quick delivery and great product,positive
1199,the service is available during business hours,neutral
1135,the application shows account information,neutral
132,very happy with the service,positive
455,terrible product and stopped working,negative
1143,the application shows account information,neutral
708,terrible product and stopped working,negative
67,amazing experience and great quality,positive
23,easy to use and really helpful,positive
857,the update was released this week,neutral
974,the order contains the listed items so far,neutral
992,the service has online and offline options,neutral
597,very disappointing and poor quality for me,negative
837,the service has online and offline options,neutral
661,unhelpful support team,negative
646,very unhappy with the experience overall,negative
743,very unhappy with the experience,negative
836,the order contains the listed items,neutral
861,the order arrived in a regular package,neutral
203,very satisfied with the experience,positive
832,the application has standard features,neutral
228,fantastic quality and smooth performance for me,positive
990,the service is available during business hours,neutral
897,the product comes in three sizes,neutral
125,very happy with the service,positive
144,worth the money,positive
105,very satisfied with the experience so far,positive
474,waste of money overall,negative
97,quick delivery and great product today,positive
256,excellent design and useful features overall,positive
564,very unhappy with the experience,negative
1160,the order arrived in a regular package,neutral
1166,the application shows account information,neutral
1125,the support team replied to my message,neutral
32,excellent product and works perfectly today,positive
179,worth the money,positive
267,great support and quick response,positive
307,quick delivery and great product,positive
694,terrible product and stopped working,negative
51,amazing experience and great quality,positive
526,late delivery and damaged product,negative
406,terrible product and stopped working so far,negative
365,quick delivery and great product today,positive
889,the service is available during business hours,neutral
1050,the product comes in three sizes today,neutral
94,fantastic quality and smooth performance for me,positive
152,very happy with the service,positive
989,the application shows account information,neutral
221,amazing experience and great quality,positive
42,easy to use and really helpful,positive
1183,the service is available during business hours,neutral
714,bad quality and poor performance,negative
722,unhelpful support team,negative
845,the application has standard features,neutral
703,terrible product and stopped working,negative
1100,the support team replied to my message,neutral
93,quick delivery and great product,positive
870,the support team replied to my message,neutral
1103,the support team replied to my message,neutral
475,very unhappy with the experience so far,negative
316,very satisfied with the experience,positive
463,very unhappy with the experience,negative
213,quick delivery and great product,positive
367,amazing experience and great quality,positive
549,late delivery and damaged product so far,negative
1042,the service is available during business hours,neutral
417,very unhappy with the experience,negative
322,excellent product and works perfectly so far,positive
478,unhelpful support team,negative
461,unhelpful support team,negative
1117,the service is available during business hours,neutral
109,excellent product and works perfectly for me,positive
996,the product arrived today overall,neutral
1048,the service is available during business hours,neutral
599,application keeps crashing,negative
140,great support and quick response for me,positive
208,excellent product and works perfectly,positive
1090,the application has standard features,neutral
240,fantastic quality and smooth performance,positive
930,the order contains the listed items,neutral
1102,the update was released this week,neutral
1122,the support team replied to my message for me,neutral
1138,the application has standard features,neutral
754,late delivery and damaged product overall,negative
796,waste of money today,negative
403,bad quality and poor performance for me,negative
323,amazing experience and great quality,positive
1139,the product arrived today,neutral
848,the product arrived today,neutral
243,fantastic quality and smooth performance,positive
134,easy to use and really helpful,positive
679,very disappointing and poor quality,negative
446,unhelpful support team,negative
64,excellent product and works perfectly so far,positive
582,bad quality and poor performance,negative
607,terrible product and stopped working so far,negative
77,easy to use and really helpful so far,positive
404,bad quality and poor performance,negative
653,bad quality and poor performance,negative
137,excellent product and works perfectly for me,positive
518,very unhappy with the experience today,negative
98,amazing experience and great quality,positive
595,slow and unreliable service overall,negative
87,fantastic quality and smooth performance today,positive
766,slow and unreliable service,negative
470,late delivery and damaged product,negative
871,the support team replied to my message,neutral
718,very disappointing and poor quality,negative
423,very disappointing and poor quality,negative
533,very unhappy with the experience today,negative
238,great support and quick response,positive
45,amazing experience and great quality overall,positive
96,amazing experience and great quality,positive
1061,the update was released this week for me,neutral
729,waste of money,negative
1041,the order arrived in a regular package,neutral
62,quick delivery and great product,positive
504,slow and unreliable service overall,negative
882,the service is available during business hours,neutral
244,excellent product and works perfectly for me,positive
543,difficult to use and confusing,negative
211,quick delivery and great product,positive
1114,the order contains the listed items for me,neutral
315,excellent design and useful features,positive
745,very unhappy with the experience so far,negative
1159,the order contains the listed items so far,neutral
386,easy to use and really helpful,positive
964,the product arrived today today,neutral
778,application keeps crashing so far,negative
1127,the order contains the listed items,neutral
933,the service has online and offline options,neutral
10,very happy with the service,positive
711,waste of money,negative
652,bad quality and poor performance,negative
355,very satisfied with the experience,positive
555,very disappointing and poor quality,negative
239,excellent product and works perfectly,positive
1040,the application shows account information,neutral
420,unhelpful support team,negative
7,quick delivery and great product,positive
1164,the service has online and offline options,neutral
252,quick delivery and great product so far,positive
816,the service has online and offline options,neutral
779,application keeps crashing today,negative
560,application keeps crashing,negative
1153,the application has standard features for me,neutral
201,amazing experience and great quality,positive
795,late delivery and damaged product,negative
910,the service is available during business hours,neutral
506,slow and unreliable service,negative
1049,the product arrived today for me,neutral
850,the update was released this week,neutral
476,application keeps crashing today,negative
249,fantastic quality and smooth performance,positive
638,slow and unreliable service today,negative
758,late delivery and damaged product today,negative
312,quick delivery and great product,positive
804,the application shows account information,neutral
578,waste of money today,negative
299,worth the money,positive
1068,the update was released this week,neutral
378,very happy with the service,positive
9,excellent product and works perfectly,positive
468,difficult to use and confusing,negative
887,the product comes in three sizes,neutral
975,the product comes in three sizes overall,neutral
336,excellent product and works perfectly so far,positive
319,very satisfied with the experience today,positive
1036,the order contains the listed items overall,neutral
290,great support and quick response,positive
477,very unhappy with the experience,negative
71,quick delivery and great product for me,positive
411,slow and unreliable service so far,negative
941,the product comes in three sizes,neutral
529,very unhappy with the experience,negative
824,the update was released this week,neutral
229,fantastic quality and smooth performance,positive
890,the order arrived in a regular package,neutral
54,very happy with the service,positive
690,waste of money today,negative
515,terrible product and stopped working for me,negative
961,the application has standard features,neutral
382,very happy with the service,positive
586,waste of money today,negative
80,excellent product and works perfectly today,positive
846,the service has online and offline options,neutral
1181,the application shows account information,neutral
328,great support and quick response,positive
738,very disappointing and poor quality,negative
427,waste of money,negative
1131,the support team replied to my message,neutral
330,excellent design and useful features today,positive
230,excellent design and useful features,positive
430,slow and unreliable service today,negative
672,slow and unreliable service for me,negative
903,the application shows account information,neutral
732,very unhappy with the experience today,negative
823,the support team replied to my message,neutral
567,very disappointing and poor quality,negative
37,very satisfied with the experience overall,positive
879,the order arrived in a regular package overall,neutral
184,easy to use and really helpful,positive
154,very happy with the service,positive
393,excellent product and works perfectly,positive
373,very satisfied with the experience,positive
484,slow and unreliable service,negative
48,very satisfied with the experience,positive
976,the support team replied to my message,neutral
960,the order arrived in a regular package,neutral
884,the support team replied to my message,neutral
916,the product comes in three sizes,neutral
46,fantastic quality and smooth performance,positive
1107,the application has standard features,neutral
522,late delivery and damaged product,negative
963,the service has online and offline options,neutral
234,great support and quick response,positive
1023,the product arrived today,neutral
741,difficult to use and confusing,negative
691,bad quality and poor performance,negative
588,bad quality and poor performance,negative
106,easy to use and really helpful,positive
792,waste of money,negative
262,amazing experience and great quality,positive
162,easy to use and really helpful overall,positive
377,very satisfied with the experience overall,positive
946,the order contains the listed items,neutral
1142,the update was released this week,neutral
1063,the update was released this week,neutral
1175,the application has standard features for me,neutral
968,the support team replied to my message,neutral
369,excellent product and works perfectly,positive
1157,the order arrived in a regular package,neutral
467,slow and unreliable service,negative
954,the service is available during business hours for me,neutral
79,easy to use and really helpful,positive
643,very unhappy with the experience so far,negative
591,very disappointing and poor quality,negative
1017,the update was released this week,neutral
270,worth the money,positive
66,excellent design and useful features,positive
1027,the service is available during business hours,neutral
279,excellent design and useful features,positive
440,unhelpful support team,negative
827,the support team replied to my message,neutral
344,excellent design and useful features,positive
31,quick delivery and great product so far,positive
922,the product comes in three sizes,neutral
790,waste of money,negative
121,amazing experience and great quality,positive
908,the order arrived in a regular package for me,neutral
751,unhelpful support team,negative
276,excellent design and useful features,positive
895,the support team replied to my message,neutral
800,bad quality and poor performance overall,negative
768,terrible product and stopped working,negative
1151,the order contains the listed items for me,neutral
381,very satisfied with the experience,positive
171,worth the money,positive
266,amazing experience and great quality,positive
1119,the application has standard features,neutral
1180,the application shows account information,neutral
802,the update was released this week overall,neutral
530,very disappointing and poor quality,negative
536,late delivery and damaged product so far,negative
356,very happy with the service,positive
1057,the service has online and offline options for me,neutral
168,excellent product and works perfectly so far,positive
12,easy to use and really helpful,positive
1012,the service has online and offline options,neutral
1079,the product comes in three sizes today,neutral
725,waste of money,negative
13,worth the money for me,positive
123,worth the money,positive
180,amazing experience and great quality,positive
759,very disappointing and poor quality,negative
674,very unhappy with the experience,negative
760,very unhappy with the experience,negative
683,application keeps crashing,negative
317,very happy with the service,positive
57,amazing experience and great quality,positive
624,waste of money today,negative
627,application keeps crashing,negative
465,waste of money,negative
119,great support and quick response,positive
1070,the service has online and offline options,neutral
947,the service is available during business hours,neutral
89,fantastic quality and smooth performance,positive
251,amazing experience and great quality,positive
60,very happy with the service,positive
245,very happy with the service,positive
867,the update was released this week,neutral
1105,the service has online and offline options,neutral
748,very unhappy with the experience,negative
448,unhelpful support team today,negative
716,very unhappy with the experience,negative
1002,the product comes in three sizes,neutral
68,amazing experience and great quality,positive
659,late delivery and damaged product,negative
698,late delivery and damaged product,negative
666,bad quality and poor performance so far,negative
855,the order contains the listed items so far,neutral
782,bad quality and poor performance,negative
650,application keeps crashing,negative
601,application keeps crashing,negative
401,difficult to use and confusing,negative
335,excellent design and useful features,positive
1008,the update was released this week,neutral
1190,the product comes in three sizes,neutral
828,the product arrived today so far,neutral
209,amazing experience and great quality,positive
944,the service has online and offline options for me,neutral
524,very disappointing and poor quality,negative
81,easy to use and really helpful today,positive
318,great support and quick response,positive
86,easy to use and really helpful,positive
285,very satisfied with the experience,positive
157,easy to use and really helpful,positive
631,unhelpful support team,negative
1194,the support team replied to my message overall,neutral
1144,the order contains the listed items,neutral
656,terrible product and stopped working,negative
85,excellent design and useful features,positive
412,waste of money,negative
1193,the application shows account information,neutral
1146,the update was released this week today,neutral
426,terrible product and stopped working,negative
786,bad quality and poor performance,negative
514,late delivery and damaged product,negative
730,slow and unreliable service,negative
644,difficult to use and confusing,negative
294,easy to use and really helpful,positive
519,waste of money,negative
408,very unhappy with the experience for me,negative
809,the product arrived today for me,neutral
972,the service has online and offline options,neutral
124,easy to use and really helpful,positive
82,worth the money overall,positive
442,very unhappy with the experience,negative
537,very disappointing and poor quality,negative
29,easy to use and really helpful for me,positive
139,very happy with the service,positive
35,easy to use and really helpful,positive
150,quick delivery and great product,positive
965,the service is available during business hours,neutral
354,very happy with the service,positive
749,waste of money,negative
862,the product comes in three sizes,neutral
793,waste of money,negative
1094,the support team replied to my message,neutral
649,difficult to use and confusing,negative
740,waste of money,negative
25,worth the money so far,positive
1092,the product comes in three sizes,neutral
1024,the service is available during business hours,neutral
494,very unhappy with the experience overall,negative
231,excellent product and works perfectly,positive
791,waste of money,negative
1145,the application shows account information for me,neutral
491,waste of money,negative
112,very happy with the service today,positive
606,unhelpful support team,negative
803,the application shows account information,neutral
387,very happy with the service,positive
1044,the support team replied to my message,neutral
421,very disappointing and poor quality,negative
618,slow and unreliable service for me,negative
55,great support and quick response,positive
584,slow and unreliable service,negative
509,very unhappy with the experience,negative
173,quick delivery and great product overall,positive
1178,the order arrived in a regular package,neutral
508,late delivery and damaged product today,negative
1067,the application shows account information,neutral
645,application keeps crashing,negative
1110,the order arrived in a regular package,neutral
1075,the application has standard features,neutral
787,very disappointing and poor quality,negative
253,easy to use and really helpful,positive
287,worth the money,positive
206,amazing experience and great quality,positive
178,amazing experience and great quality,positive
445,application keeps crashing,negative
907,the product comes in three sizes,neutral
844,the product arrived today,neutral
311,great support and quick response today,positive
437,very unhappy with the experience,negative
720,slow and unreliable service,negative
902,the application has standard features,neutral
337,very satisfied with the experience overall,positive
18,amazing experience and great quality,positive
141,quick delivery and great product,positive
293,very satisfied with the experience,positive
273,very satisfied with the experience so far,positive
784,late delivery and damaged product,negative
281,amazing experience and great quality,positive
613,application keeps crashing,negative
753,slow and unreliable service,negative
642,slow and unreliable service overall,negative
212,very satisfied with the experience,positive
210,very satisfied with the experience,positive
183,great support and quick response,positive
785,unhelpful support team,negative
469,bad quality and poor performance,negative
146,excellent product and works perfectly,positive
979,the update was released this week,neutral
1124,the order contains the listed items,neutral
865,the order arrived in a regular package,neutral
247,worth the money so far,positive
1137,the service has online and offline options,neutral
17,quick delivery and great product for me,positive
20,worth the money,positive
912,the application shows account information,neutral
1064,the service has online and offline options,neutral
464,unhelpful support team,negative
1176,the service has online and offline options so far,neutral
160,easy to use and really helpful for me,positive
977,the product arrived today,neutral
438,late delivery and damaged product for me,negative
3,quick delivery and great product for me,positive
195,great support and quick response,positive
187,great support and quick response,positive
1147,the service is available during business hours so far,neutral
480,unhelpful support team,negative
626,unhelpful support team,negative
812,the product arrived today,neutral
107,excellent design and useful features,positive
339,excellent design and useful features,positive
762,very disappointing and poor quality so far,negative
169,very happy with the service,positive
513,terrible product and stopped working,negative
739,late delivery and damaged product,negative
192,very satisfied with the experience,positive
562,very disappointing and poor quality,negative
326,excellent design and useful features for me,positive
619,very unhappy with the experience,negative
271,worth the money so far,positive
415,late delivery and damaged product,negative
1200,the order arrived in a regular package so far,neutral
2,easy to use and really helpful today,positive
935,the order contains the listed items,neutral
904,the service is available during business hours,neutral
324,amazing experience and great quality,positive
255,easy to use and really helpful today,positive
34,amazing experience and great quality so far,positive
942,the support team replied to my message,neutral
204,very happy with the service,positive
95,easy to use and really helpful,positive
100,very satisfied with the experience for me,positive
704,terrible product and stopped working,negative
994,the application shows account information so far,neutral
268,excellent design and useful features,positive
1121,the application has standard features,neutral
692,terrible product and stopped working,negative
581,application keeps crashing,negative
662,late delivery and damaged product for me,negative
550,terrible product and stopped working so far,negative
1014,the order arrived in a regular package,neutral
434,slow and unreliable service so far,negative
880,the order arrived in a regular package for me,neutral
447,unhelpful support team for me,negative
815,the update was released this week today,neutral
1095,the service is available during business hours,neutral
130,very happy with the service,positive
734,waste of money,negative
939,the order contains the listed items,neutral
1163,the update was released this week,neutral
6,excellent product and works perfectly,positive
671,waste of money,negative
1000,the support team replied to my message,neutral
932,the service is available during business hours overall,neutral
756,terrible product and stopped working,negative
570,application keeps crashing overall,negative
1056,the service is available during business hours,neutral
826,the order arrived in a regular package,neutral
191,worth the money,positive
155,excellent product and works perfectly so far,positive
926,the application shows account information,neutral
769,late delivery and damaged product overall,negative
849,the service is available during business hours for me,neutral
551,waste of money,negative
292,amazing experience and great quality for me,positive
1003,the order contains the listed items,neutral
805,the product comes in three sizes,neutral
507,slow and unreliable service,negative
660,unhelpful support team overall,negative
300,quick delivery and great product,positive
512,difficult to use and confusing,negative
272,excellent product and works perfectly,positive
260,worth the money today,positive
568,application keeps crashing,negative
1195,the product comes in three sizes,neutral
843,the service has online and offline options,neutral
278,very satisfied with the experience,positive
196,excellent design and useful features,positive
1054,the update was released this week overall,neutral
548,application keeps crashing,negative
1173,the support team replied to my message overall,neutral
593,difficult to use and confusing,negative
600,application keeps crashing,negative
663,very disappointing and poor quality,negative
345,excellent design and useful features,positive
1104,the service has online and offline options so far,neutral
576,late delivery and damaged product,negative
1091,the application has standard features so far,neutral
719,very disappointing and poor quality,negative
1168,the service has online and offline options overall,neutral
122,quick delivery and great product,positive
1197,the update was released this week,neutral
424,unhelpful support team,negative
286,very happy with the service,positive
340,easy to use and really helpful,positive
877,the order contains the listed items,neutral
