Flight,Airline,Origin,Destination,Delay
AI101,Air India,Delhi,Mumbai,20
AI102,Air India,Mumbai,Delhi,15
AI103,Air India,Jaipur,Delhi,45
AI104,Air India,Ahmedabad,Mumbai,10
AI105,Air India,Bengaluru,Delhi,60
6E201,IndiGo,Delhi,Jaipur,5
6E202,IndiGo,Jaipur,Mumbai,12
6E203,IndiGo,Delhi,Goa,35
6E204,IndiGo,Mumbai,Hyderabad,18
6E205,IndiGo,Pune,Delhi,25
SG301,SpiceJet,Delhi,Ahmedabad,40
SG302,SpiceJet,Mumbai,Goa,8
SG303,SpiceJet,Delhi,Chennai,55
SG304,SpiceJet,Jaipur,Delhi,14
SG305,SpiceJet,Hyderabad,Mumbai,22
UK401,Vistara,Delhi,Bengaluru,30
UK402,Vistara,Mumbai,Delhi,9
UK403,Vistara,Chennai,Delhi,42
UK404,Vistara,Goa,Mumbai,11
UK405,Vistara,Delhi,Kolkata,27
AK501,Akasa Air,Delhi,Pune,16
AK502,Akasa Air,Pune,Delhi,7
AK503,Akasa Air,Bengaluru,Goa,39
AK504,Akasa Air,Mumbai,Jaipur,13
AK505,Akasa Air,Delhi,Hyderabad,48
AI106,Air India,Delhi,Goa,21
AI107,Air India,Goa,Delhi,17
AI108,Air India,Mumbai,Chennai,33
AI109,Air India,Kolkata,Delhi,26
AI110,Air India,Delhi,Pune,50
6E206,IndiGo,Delhi,Ahmedabad,6
6E207,IndiGo,Ahmedabad,Delhi,19
6E208,IndiGo,Delhi,Chennai,31
6E209,IndiGo,Goa,Delhi,15
6E210,IndiGo,Bengaluru,Mumbai,28
SG306,SpiceJet,Pune,Goa,24
SG307,SpiceJet,Delhi,Jaipur,13
SG308,SpiceJet,Mumbai,Delhi,46
SG309,SpiceJet,Ahmedabad,Pune,18
SG310,SpiceJet,Delhi,Goa,29
UK406,Vistara,Delhi,Ahmedabad,20
UK407,Vistara,Ahmedabad,Delhi,14
UK408,Vistara,Pune,Mumbai,36
UK409,Vistara,Hyderabad,Delhi,23
UK410,Vistara,Delhi,Goa,41
AK506,Akasa Air,Goa,Delhi,9
AK507,Akasa Air,Delhi,Mumbai,27
AK508,Akasa Air,Mumbai,Bengaluru,34
AK509,Akasa Air,Delhi,Chennai,12
AK510,Akasa Air,Jaipur,Delhi,52