House_ID,Area_sqft,Location,Rooms,Age_years,Price
1,3219,Jodhpur,1,2,4845967
2,1019,Ajmer,5,6,3761433
3,2328,,1,2,4115414
4,708,Ajmer,5,13,3254041
5,2318,Ajmer,2,29,3002617
6,1253,Jodhpur,4,22,3491042
7,1236,Jaipur,2,22,2580988
8,2008,Jaipur,5,17,5009278
9,2481,Kota,5,8,5529140
10,3174,Ajmer,5,24,5690045
11,1387,Udaipur,1,3,2834881
12,1553,Jodhpur,1,25,1521485
13,2457,Jodhpur,3,11,4348722
14,3474,Ajmer,1,11,4845358
15,1602,Kota,2,30,2171133
16,3418,Jodhpur,5,15,6833491
17,829,Jodhpur,2,3,2335622
18,2923,Kota,3,14,4856360
19,2220,Jodhpur,4,10,4904208
20,2807,Ajmer,3,28,4367238
21,2235,Udaipur,3,15,4178552
22,792,Udaipur,1,10,1795699
23,3387,Kota,4,5,5697993
24,2767,Jaipur,3,1,5941537
25,3392,Jodhpur,5,18,6437347
26,2458,Ajmer,1,17,3328599
27,1331,Jodhpur,5,7,4318909
28,1414,Udaipur,2,24,2327090
29,2809,Ajmer,5,1,5969761
30,2086,Jaipur,3,16,4225095
31,1586,Jaipur,5,6,4805629
32,2781,Kota,2,9,4043124
33,2851,Ajmer,2,17,4257539
34,1467,Jodhpur,5,13,4019754
35,2234,Ajmer,3,29,3286192
36,862,Ajmer,3,2,2755178
37,2868,Jaipur,2,15,4945933
38,1537,Jodhpur,1,3,2899069
39,890,Jodhpur,5,16,3297082
40,1141,Udaipur,5,31,3175057
41,2537,Jaipur,4,13,5446196
42,2334,Jaipur,4,30,4560162
43,3358,Kota,1,4,4745490
44,1047,Udaipur,2,13,2131184
45,2796,Kota,4,9,5371618
46,908,Jaipur,4,7,3727947
47,3271,Jaipur,5,1,7353242
48,1281,Kota,4,32,2511069
49,1475,Udaipur,4,4,3801095
50,1686,Kota,4,19,3968644
51,3453,Udaipur,5,32,6070108
52,839,Jaipur,5,35,3049046
53,1884,Ajmer,1,4,2571142
54,2775,Ajmer,2,4,4548704
55,928,Ajmer,2,5,2564566
56,2253,Ajmer,1,16,3141917
57,3035,Kota,1,6,4204295
58,1895,Jodhpur,3,14,3539925
59,1577,Udaipur,3,26,3010579
60,1895,Kota,1,1,3005007
61,3144,Jaipur,5,7,6470012
62,1142,Udaipur,3,5,3245329
63,2113,Kota,3,11,4091573
64,3105,Ajmer,5,1,6098280
65,1826,Jodhpur,,9,2990294
66,2866,Jodhpur,2,18,4366014
67,3077,Udaipur,2,22,4437527
68,2670,Jaipur,4,17,4983403
69,978,Jaipur,4,18,3552637
70,3209,Kota,3,11,5272686
71,2859,Jaipur,4,1,6427842
72,1210,Jodhpur,5,3,4366825
73,2985,Kota,5,10,6039582
74,763,Udaipur,3,14,2636540
75,3331,Ajmer,1,23,4179431
76,3142,Udaipur,2,16,4738082
77,1325,Udaipur,4,2,4056362
78,,Udaipur,2,18,3602027
79,3472,Jaipur,1,25,4721915
80,2485,Udaipur,3,20,4282903
81,1513,Kota,1,13,2090722
82,1743,Kota,3,33,3053763
83,3383,Jaipur,5,22,6797170
84,1331,Jaipur,5,17,4468807
85,1044,Jodhpur,5,28,3101810
86,3083,Kota,5,8,5964840
87,2961,Jaipur,2,17,4755518
88,2805,Kota,2,24,3865876
89,886,Jaipur,3,21,2549464
90,1866,Kota,4,21,3604813
91,3455,Udaipur,3,9,5555857
92,3374,Kota,2,20,4903668
93,2844,Jodhpur,1,20,3841026
94,3084,Kota,3,30,4756929
95,2411,Kota,2,33,3212048
96,1295,Ajmer,1,,1299713
97,3319,Jaipur,5,22,6487927
98,3355,Udaipur,3,15,5328107
99,1203,Udaipur,1,3,2784784
100,898,Ajmer,4,27,2307667
101,1396,Kota,4,32,2815138
102,622,Udaipur,1,28,1229195
103,1320,Jaipur,5,30,3307814
104,1097,Kota,4,9,3109506
105,3334,Kota,5,21,5747806
106,2667,Udaipur,4,29,4548855
107,2544,Udaipur,4,17,5085427
108,2735,Jodhpur,4,16,4999446
109,2401,Udaipur,1,19,3394710
110,2812,Udaipur,1,9,4415929
111,1547,Udaipur,4,10,4225797
112,2822,Jaipur,4,27,5213732
113,1447,Ajmer,4,25,3095118
114,2958,Jaipur,4,31,5152714
115,2040,Kota,3,25,3088213
116,3070,Udaipur,2,32,4144264
117,1717,Jaipur,4,32,3435425
118,2256,Udaipur,2,30,3479264
119,3148,Kota,5,2,6185153
120,943,Kota,4,9,2921692
121,1344,Kota,1,17,1825204
122,1982,Kota,4,18,4173676
123,1633,Jaipur,1,31,2224239
124,2033,Jaipur,2,5,4005726
125,727,Jaipur,2,13,2121295
126,2539,Kota,1,14,3365021
127,3465,Udaipur,3,24,5053275
128,1069,Jaipur,2,20,2096600
129,2970,Ajmer,1,20,3514084
130,2224,Ajmer,2,5,3386710
131,3428,Jodhpur,2,7,5512270
132,1095,Jodhpur,5,3,3862020
133,2782,Jaipur,4,24,5034057
134,2320,Kota,4,7,4782842
135,2083,Kota,4,10,4497460
136,3264,Kota,3,35,4687301
137,2504,Jodhpur,4,18,4977159
138,954,Udaipur,3,29,1957490
139,2503,Jodhpur,5,25,5324112
140,1344,Jodhpur,4,14,3585790
141,1658,Ajmer,3,18,3065895
142,641,Jaipur,5,13,3326207
143,1588,Ajmer,4,32,2999738
144,3245,Jaipur,4,29,5303645
145,981,Kota,3,15,2397151
146,2982,Ajmer,3,31,4099667
147,2774,Ajmer,3,28,3962485
148,1709,Udaipur,3,17,3800862
149,1094,Jaipur,2,21,2358041
150,3426,Udaipur,2,13,4864747
151,2583,Ajmer,3,34,3642544
152,1395,Jodhpur,3,15,3180082
153,1334,Ajmer,3,1,3354262
154,823,Udaipur,5,19,3361834
155,3212,Jaipur,4,7,6128301
156,2404,Jaipur,3,12,4623863
157,1634,Jaipur,4,8,4323481
158,3178,Udaipur,1,10,4704857
159,2905,Udaipur,3,6,5601154
160,3083,Ajmer,5,15,6031949
161,2158,Jodhpur,4,29,4323367
162,1850,Ajmer,5,4,4309311
163,1006,Jodhpur,2,14,2161059
164,1311,Udaipur,5,5,4309208
165,610,Ajmer,4,29,1871454
166,1780,Jaipur,3,30,3344714
167,3415,Ajmer,2,17,4580968
168,2341,Udaipur,1,35,2428517
169,3252,Udaipur,2,18,5020096
170,1859,Kota,5,19,4312834
171,1109,Kota,4,20,3079270
172,2622,Ajmer,4,6,5061655
173,763,Ajmer,4,21,2380418
174,3361,Jodhpur,5,2,6891977
175,2960,Kota,1,12,3838878
176,1739,Kota,2,28,2433679
177,973,Kota,4,23,2478596
178,1258,Kota,3,27,2596786
179,1780,Kota,4,3,4397809
180,1074,Jaipur,4,33,2905947
181,3293,Kota,5,30,5806704
182,3150,Jaipur,4,29,5537685
183,1433,Jodhpur,3,9,3096759
184,1097,Udaipur,1,16,2062034
185,1872,Ajmer,5,1,4753848
186,1064,Udaipur,4,8,3616975
187,2641,Jodhpur,3,33,3786041
188,2534,Ajmer,2,30,3395423
189,1192,Ajmer,4,13,2805720
190,885,Jodhpur,3,27,2047841
191,2679,Jodhpur,3,1,5078362
192,2975,Kota,4,10,5130749
193,2806,Jodhpur,4,23,4748689
194,2465,Udaipur,3,13,4530771
195,2942,Kota,4,15,5541730
196,3488,Udaipur,4,25,5941154
197,2628,Ajmer,1,9,3846475
198,1011,Ajmer,4,7,3133279
199,2471,Kota,1,10,3843475
200,906,Jodhpur,4,17,2546704
201,3152,Jodhpur,4,6,6186172
202,2156,Ajmer,3,32,2931890
203,747,Udaipur,5,5,3445985
204,1531,Jaipur,1,28,1909592
205,3195,Udaipur,1,29,3884873
206,788,Jodhpur,3,4,2390258
207,2068,Udaipur,3,28,3608362
208,3392,Udaipur,2,11,5520793
209,923,Ajmer,5,25,2796448
210,2988,Kota,2,15,4217747
211,3212,Jodhpur,3,30,4562084
212,2505,Udaipur,3,35,3547056
213,902,Ajmer,4,23,2337461
214,3427,Jodhpur,3,30,5451004
215,1415,Jaipur,4,31,3331829
216,2954,Jaipur,3,19,5363520
217,3296,Jaipur,,18,5774467
218,800,Jodhpur,5,32,2579756
219,1542,Udaipur,5,23,3881528
220,3376,Jaipur,2,7,5416470
221,1865,Ajmer,4,3,4269875
222,1808,Udaipur,3,27,3396327
223,1422,Jodhpur,2,35,1590619
224,1273,Jodhpur,,31,2315883
225,1987,Jaipur,1,30,2981707
226,3370,Jaipur,4,24,6266882
227,2216,Ajmer,1,17,3037332
228,3353,Jodhpur,3,25,5219567
229,1043,Jaipur,2,31,1651521
230,1943,Jaipur,5,15,4662405
231,3202,Kota,4,20,5433150
232,752,Jaipur,3,32,2069096
233,998,Udaipur,2,35,1489990
234,3452,Ajmer,5,27,5959018
235,1232,Kota,4,7,3165169
236,1745,Udaipur,1,24,2171116
237,2416,Jodhpur,4,16,4961403
238,2830,Kota,3,4,5216068
239,1730,Kota,2,8,3250235
240,3219,Jaipur,5,2,7010497
241,1966,Ajmer,2,9,3438289
242,2870,Udaipur,2,14,4929424
243,1945,Jodhpur,2,1,3862368
244,1132,Udaipur,5,17,3685220
245,1050,Jaipur,1,9,2095489
246,3011,Udaipur,3,2,5889864
247,1686,Kota,1,9,2314336
248,2550,Ajmer,4,24,4371400
249,3031,Ajmer,1,29,3516427
250,3298,Kota,5,20,6202374
251,3235,Kota,1,4,4750908
252,1042,Jaipur,4,29,2780022
253,930,Jaipur,3,10,3192763
254,2997,Kota,5,21,5740829
255,3046,Kota,5,19,5499403
256,3474,Kota,1,14,4572143
257,2449,Jodhpur,2,27,3578676
258,989,Jodhpur,3,28,1996299
259,3324,Udaipur,3,24,5169884
260,973,Kota,1,6,1669355
261,995,Ajmer,3,9,3048279
262,2900,Kota,3,8,5165947
263,2048,Jodhpur,4,4,4582289
264,2967,Udaipur,5,14,5971557
265,3289,Jaipur,4,15,5986794
266,1070,Kota,3,15,2744540
267,2897,Ajmer,5,2,6361897
268,1695,Jodhpur,1,12,2518091
269,3478,Jodhpur,3,22,5716840
270,2919,Udaipur,4,5,5891742
271,3193,Ajmer,1,6,4512420
272,1996,Jodhpur,2,24,3238539
273,1928,Jaipur,5,6,5422242
274,803,Kota,1,18,1483704
275,,Ajmer,4,32,4918841
276,2698,Kota,1,,3383810
277,1054,Ajmer,3,32,1867499
278,2218,Jaipur,5,4,5623991
279,1437,Udaipur,3,14,3347623
280,1091,Kota,1,32,940984
281,1319,Ajmer,2,25,1946952
282,3336,Kota,3,5,5425105
283,773,Kota,4,2,3422844
284,2958,Kota,4,26,4719279
285,1785,,1,26,2690063
286,3131,Jaipur,4,24,5593899
287,2388,Kota,1,16,3019599
288,2221,Udaipur,3,22,3879002
289,1964,Ajmer,2,5,3333556
290,1394,Udaipur,3,23,2803384
291,1567,Jodhpur,,10,2659920
292,3284,Kota,1,12,4651975
293,2500,Ajmer,5,29,4305948
294,1923,Kota,3,10,3344264
295,879,Jodhpur,4,29,2508920
296,2041,Jodhpur,5,5,4893499
297,2491,Jaipur,4,3,5483693
298,3240,Kota,1,33,3741745
299,2495,Kota,5,3,5786150
300,1371,Ajmer,3,31,2183428
301,1217,Jaipur,1,29,1923628
302,945,Jaipur,5,12,3545794
303,1614,Ajmer,4,29,3017042
304,2127,Kota,3,25,3462324
305,1985,Jodhpur,5,4,5165426
306,3378,Jodhpur,4,19,5820875
307,3289,Jodhpur,5,10,6678420
308,2032,Udaipur,3,26,3758596
309,3037,Ajmer,1,20,3566596
310,1123,Kota,5,6,4060647
311,2682,Jodhpur,3,2,4938501
312,1999,Udaipur,4,13,4906219
313,1163,Jodhpur,2,5,2767075
314,2810,Jodhpur,5,3,6048083
315,3131,Udaipur,2,25,4710107
316,3158,Jaipur,2,29,4863886
317,2282,Kota,3,16,3747382
318,2438,Udaipur,2,35,3158025
319,1867,Jodhpur,4,13,4083524
320,2404,Kota,4,19,4259149
321,2659,Udaipur,5,27,5377827
322,1166,Kota,3,4,2763785
323,2120,Ajmer,5,7,5036546
324,1256,Ajmer,3,29,2123541
325,1203,Udaipur,4,6,3935834
326,709,Kota,4,4,2619088
327,2656,Kota,3,16,4601588
328,715,Jodhpur,3,7,2556999
329,1198,Jodhpur,2,3,3009362
330,1168,Ajmer,4,29,2485624
331,621,Jodhpur,1,,1747136
332,3093,Jaipur,5,28,5981667
333,1780,Jaipur,2,20,3415437
334,3151,Jaipur,4,5,6361710
335,2647,Jaipur,5,35,4942318
336,1188,Jaipur,3,,2521970
337,3118,Ajmer,3,16,4701337
338,950,Jaipur,5,24,3583133
339,2754,Ajmer,5,33,4630963
340,2525,Jodhpur,1,25,3145229
341,1638,Jaipur,1,23,2346493
342,3173,Udaipur,1,22,4479722
343,781,Jodhpur,3,35,1705592
344,3404,Udaipur,4,31,5446893
345,1152,Jaipur,1,30,1667876
346,1417,,1,21,2067282
347,2711,Kota,4,35,4271930
348,1382,Jaipur,3,23,3404483
349,3285,Jaipur,3,18,5620859
350,2238,Jodhpur,4,25,4026872
351,1365,Jodhpur,4,32,3111685
352,938,Kota,4,6,3065853
353,3067,Jodhpur,2,35,3923583
354,3307,Kota,3,20,5134700
355,3068,Kota,4,11,5515058
356,2044,Jodhpur,5,28,4365338
357,3219,Kota,1,5,4376457
358,3382,Udaipur,2,2,5883312
359,3088,Udaipur,4,3,6435663
360,2100,Ajmer,3,25,3523136
361,732,Kota,5,10,3393131
362,914,Ajmer,5,9,3376926
363,2103,Jodhpur,4,21,4188816
364,1362,Kota,4,34,2782734
365,2900,Jodhpur,1,17,3899372
366,3106,Udaipur,3,32,4587277
367,1102,,2,5,2630305
368,959,Jaipur,3,23,2847411
369,2852,Jodhpur,5,19,5776253
370,3468,Ajmer,2,24,4393327
371,1518,Udaipur,1,13,2584090
372,2078,Kota,5,24,4562980
373,2859,Jaipur,2,6,4761838
374,2560,Kota,5,27,5489676
375,2954,Jodhpur,1,9,4156586
376,3385,Udaipur,5,23,6103523
377,2858,Udaipur,5,12,5648870
378,826,Udaipur,1,,1163753
379,1845,Jodhpur,2,11,3447005
380,2725,Jodhpur,3,6,4958704
381,1404,Udaipur,5,18,3879103
382,982,Ajmer,5,11,3267654
383,2978,Ajmer,2,11,4443578
384,2908,Jaipur,1,2,4528381
385,,Udaipur,5,17,3368074
386,3217,Ajmer,1,32,3404596
387,1786,Udaipur,3,31,3250372
388,1818,Jaipur,4,5,4448999
389,1247,Kota,4,27,2641332
390,1188,Jodhpur,3,21,2676969
391,2233,Ajmer,2,24,2993475
392,2510,Kota,1,18,3222384
393,1615,Jaipur,2,7,3448695
394,3120,Udaipur,4,16,5905607
395,1941,Udaipur,5,21,4611609
396,2708,Jodhpur,4,32,4318914
397,2637,Kota,1,6,3385168
398,1481,Jaipur,5,23,4106142
399,807,Ajmer,3,32,1792256
400,2527,Jaipur,3,35,3880647
401,1040,Jodhpur,4,9,3289925
402,2098,Jaipur,1,26,2654827
403,2935,Jodhpur,5,13,5850547
404,2665,Ajmer,4,18,4744910
405,3386,Udaipur,5,8,6961126
406,1988,Udaipur,5,24,4517514
407,1415,Kota,5,33,3188189
408,1161,Ajmer,,31,2058173
409,2471,Udaipur,2,33,3343490
410,1265,Ajmer,4,20,3236876
411,1977,Ajmer,5,33,3636286
412,2545,Jodhpur,1,24,3278764
413,,Ajmer,1,27,3799223
414,3418,Jodhpur,1,31,4426822
415,3285,Jaipur,5,15,6471747
416,3176,Udaipur,5,25,5881054
417,3388,Ajmer,2,3,5342896
418,677,Kota,4,21,2299631
419,1220,Kota,4,14,2976504
420,2531,Ajmer,1,9,3569370
421,1449,Kota,5,21,3549597
422,1309,Jodhpur,4,35,2720903
423,2837,Ajmer,3,17,4109517
424,1742,Udaipur,5,20,4435266
425,1819,Kota,,14,3424631
426,1720,Ajmer,3,8,3686146
427,3371,Kota,5,25,6056661
428,1199,Jodhpur,3,3,2876833
429,923,Jodhpur,3,29,2040511
430,2806,Udaipur,3,18,4712307
431,1047,Udaipur,5,16,4067406
432,1524,Jaipur,2,4,3611323
433,2292,Jaipur,3,31,3874384
434,2854,Kota,2,27,3740915
435,2555,Jodhpur,2,19,3887127
436,966,Ajmer,5,15,3345514
437,752,Udaipur,2,27,1652215
438,2226,Jodhpur,4,12,4631445
439,753,Ajmer,1,20,723447
440,,Ajmer,3,30,2817595
441,2747,Ajmer,4,9,5065957
442,1061,Kota,3,11,2711713
443,3255,Jaipur,3,12,5709261
444,2925,Ajmer,2,12,4072742
445,3216,Ajmer,4,28,4993519
446,990,Kota,2,9,2383780
447,1925,Jodhpur,2,1,3629258
448,1693,Ajmer,3,20,3212427
449,2946,Jodhpur,1,17,3967514
450,1084,Udaipur,4,20,3090455
451,2260,Jaipur,5,20,4886660
452,2105,Udaipur,5,15,4673605
453,1147,Kota,4,10,3272905
454,2303,Ajmer,5,31,4083040
455,3320,Ajmer,2,16,4775987
456,2429,Jaipur,5,24,5171580
457,2910,Ajmer,1,4,4301144
458,2798,Jodhpur,2,11,4403281
459,2731,Udaipur,4,8,5504167
460,2690,Kota,4,4,5133961
461,1140,Kota,5,27,2911051
462,3355,Kota,3,2,5665998
463,,Ajmer,1,14,2499830
464,3468,Jaipur,1,35,4370303
465,882,Jodhpur,4,3,3094417
466,3227,Kota,4,,5449354
467,2437,Jaipur,4,25,4640679
468,2808,Jaipur,2,23,4122879
469,1331,Ajmer,5,26,3685148
470,614,Kota,,20,1295164
471,3358,Ajmer,5,28,5605217
472,2486,Jodhpur,3,10,4672643
473,1372,Kota,1,3,2124466
474,664,Jaipur,2,14,1827657
475,1013,Kota,5,3,3581324
476,799,Kota,2,3,2042048
477,2397,Udaipur,2,35,3309980
478,1173,Udaipur,5,19,3431324
479,2959,Udaipur,3,21,4883815
480,3304,Kota,5,15,6234649
481,1830,Ajmer,3,4,4157246
482,1317,Jaipur,4,32,3042652
483,2010,Jodhpur,4,34,3560968
484,1828,Ajmer,4,12,3799603
485,2539,Jodhpur,2,15,4084663
486,2496,Kota,1,27,2871776
487,2882,Kota,5,9,5848844
488,3248,Jodhpur,1,29,4053847
489,978,Jaipur,5,13,3837422
490,3069,Udaipur,1,5,4975371
491,3006,Kota,5,14,5917422
492,1841,Udaipur,1,14,3298526
493,1080,Ajmer,4,16,2884177
494,1580,Jodhpur,5,21,3837642
495,2159,Jodhpur,4,35,3704806
496,2636,Kota,4,7,5326829
497,1911,Jodhpur,2,24,2754772
498,1506,Jodhpur,2,2,3356358
499,2866,Jodhpur,5,27,5436879
500,,Kota,5,16,4857714
501,2855,Kota,3,17,4883204
502,2609,Jodhpur,4,11,5091930
503,1293,Kota,2,35,1828674
504,3228,Jaipur,1,34,4379333
505,904,Kota,1,1,2114814
506,878,Udaipur,2,1,2861786
507,2671,,4,24,4868211
508,3125,Jaipur,4,32,5149993
509,627,Jaipur,5,27,3243904
510,2794,Ajmer,3,2,5063021
511,3458,Jaipur,4,12,6620590
512,1587,Jodhpur,2,34,2106332
513,2051,Jaipur,3,26,3672885
514,2914,Jodhpur,2,15,4603296
515,3401,Jaipur,1,3,5181155
516,2549,Udaipur,1,1,4322002
517,938,Jodhpur,4,28,2219991
518,990,Udaipur,5,3,3940011
519,1465,Jodhpur,5,31,3590748
520,1748,Udaipur,5,3,5013006
521,1888,Ajmer,1,14,2831475
522,2231,Udaipur,1,20,3439847
523,2909,Ajmer,2,25,3767363
524,1173,Jodhpur,1,33,1565790
525,819,Udaipur,1,28,1289661
526,3114,Jodhpur,5,26,5537377
527,721,Kota,3,29,1681479
528,,Ajmer,4,12,4570683
529,3306,Ajmer,4,6,5919112
530,901,Udaipur,1,18,1781143
531,2156,Jodhpur,2,25,3161663
532,1862,Jodhpur,4,24,3854945
533,1018,Udaipur,2,6,2453173
534,2698,Jaipur,4,7,5789116
535,967,Ajmer,3,6,2570285
536,2177,Kota,1,19,2755288
537,2188,Ajmer,1,16,2644286
538,1294,Jodhpur,2,18,2386610
539,1699,Jaipur,4,10,4460701
540,1827,Jodhpur,4,5,4542919
541,1630,Ajmer,2,32,1987982
542,1154,Kota,3,1,3016520
543,1960,Jodhpur,5,25,4149279
544,3266,Jodhpur,5,9,6524277
545,1913,Kota,5,13,4358022
546,1907,Ajmer,3,32,3346324
547,1592,Jodhpur,3,25,3058370
548,,Ajmer,5,13,3309828
549,2834,Kota,2,2,4796433
550,1793,Kota,1,27,2063300
551,1170,Jodhpur,3,16,2639111
552,2144,Ajmer,1,29,2168208
553,2562,Ajmer,5,26,4409798
554,3433,Jaipur,4,35,5577780
555,2072,Jaipur,5,6,5457711
556,2054,Ajmer,2,3,3398130
557,3242,Kota,4,22,5434908
558,1509,Ajmer,5,34,3321454
559,2977,Kota,5,15,5606241
560,3383,Udaipur,5,33,6047329
561,2012,Jaipur,1,,2565322
562,951,Jodhpur,1,10,2229914
563,1877,Udaipur,3,30,3137294
564,999,Jodhpur,4,29,2561766
565,875,Jaipur,3,3,3358351
566,1047,Ajmer,2,16,2019737
567,1314,Jodhpur,5,11,3619499
568,1549,Udaipur,4,12,3822063
569,3223,Jaipur,4,26,5628078
570,2441,Kota,5,28,4277426
571,618,Jodhpur,2,14,1756383
572,856,Ajmer,5,7,3104846
573,1365,Udaipur,3,21,2867544
574,2604,Ajmer,5,21,5076810
575,2191,Ajmer,5,26,4495504
576,2475,Jodhpur,5,12,5510273
577,3116,Udaipur,5,6,6477814
578,1079,Udaipur,2,24,2227362
579,2692,Ajmer,4,27,4600108
580,1360,Udaipur,4,35,3091936
581,2872,Jodhpur,2,32,3925900
582,2447,Jodhpur,5,4,5767132
583,639,Udaipur,4,9,3186572
584,2670,Kota,4,27,4083602
585,2302,Udaipur,4,32,4231525
586,1503,Jodhpur,3,3,3670972
587,1520,Udaipur,5,19,4203620
588,2628,Jaipur,5,33,4920464
589,2945,Ajmer,1,18,3830472
590,770,Udaipur,4,35,2094825
591,2341,Jodhpur,1,16,3331741
592,1676,,3,6,3568581
593,1080,Ajmer,2,14,1972544
594,3099,Ajmer,4,11,5202016
595,1170,Jaipur,2,14,2513261
596,3044,,5,11,6023225
597,3483,Ajmer,3,19,5225921
598,3382,Kota,1,9,4996949
599,842,Udaipur,3,9,2795975
600,1613,Udaipur,4,32,3649372
