Customer_ID,Customer_Name,Gender,City,Purchase_Date,Purchase_Amount,Age
C1001,Customer 1,Female,Jaipur,2025-12-28,1914.42,47.0
C1002,Customer 2,female,mumbai,2025-03-15,2061.59,38.0
C1003,Customer 3,,mumbai,2026-01-10,1966.85,37.0
C1004,Customer 4,female,Mumbai,2025-06-05,1722.41,23.0
C1005,Customer 5,female,jaipur,2025-04-15,2543.67,39.0
C1006,Customer 6,male,jaipur,2026-01-30,1752.14,35.0
C1007,Customer 7,M,mumbai,2026-01-13,2743.41,25.0
C1008,Customer 8,M,Mumbai,2025-05-05,2454.79,56.0
C1009,Customer 9,M,DELHI,2025-03-10,2284.95,49.0
C1010,Customer 10,female,jaipur,2026-03-27,1683.19,50.0
C1011,Customer 11,Female,DELHI,2025-01-10,1980.91,33.0
C1012,Customer 12,M,jaipur,2025-07-14,3179.85,29.0
C1013,Customer 13,F,jaipur,2026-02-11,2950.83,55.0
C1014,Customer 14,female,Delhi,2025-03-26,1620.2,51.0
C1015,Customer 15,male,jaipur,2026-01-07,2589.4,31.0
C1016,Customer 16,Female,Jaipur,2026-01-24,3176.25,53.0
C1017,Customer 17,F,Mumbai,2026-05-11,997.54,50.0
C1018,Customer 18,,Mumbai,2025-01-31,2989.02,40.0
C1019,Customer 19,male,DELHI,2025-11-13,1903.64,62.0
C1020,Customer 20,Female,jaipur,2026-02-13,3013.54,19.0
C1021,Customer 21,female,Jaipur,2026-05-06,1813.07,58.0
C1022,Customer 22,Male,DELHI,2026-05-07,875.61,38.0
C1023,Customer 23,Female,Delhi,2025-10-08,1035.21,19.0
C1024,Customer 24,male,DELHI,2025-12-23,2543.28,44.0
C1025,Customer 25,F,DELHI,2025-03-18,2733.75,26.0
C1026,Customer 26,female,jaipur,2026-04-07,1686.12,18.0
C1027,Customer 27,Female,Delhi,2026-05-13,3074.73,28.0
C1028,Customer 28,Male,DELHI,2025-07-31,1004.63,20.0
C1029,Customer 29,Male,Jaipur,2025-04-12,12000.0,40.0
C1030,Customer 30,M,Jaipur,2025-12-01,1410.09,43.0
C1031,Customer 31,M,Mumbai,2026-04-21,1913.35,21.0
C1032,Customer 32,male,Delhi,2025-12-03,2542.66,35.0
C1033,Customer 33,Female,Delhi,2026-03-17,1725.63,23.0
C1034,Customer 34,Female,Mumbai,2025-06-23,,52.0
C1035,Customer 35,F,DELHI,2025-01-03,3405.66,39.0
C1036,Customer 36,F,Delhi,2025-11-30,1980.8,60.0
C1037,Customer 37,F,Jaipur,2026-02-14,3252.12,32.0
C1038,Customer 38,M,Jaipur,2025-03-12,1483.26,39.0
C1039,Customer 39,Female,jaipur,2025-07-29,2976.82,54.0
C1040,Customer 40,Female,Delhi,2025-03-05,3797.41,59.0
C1041,Customer 41,Male,DELHI,2026-01-20,275.52,29.0
C1042,Customer 42,M,Mumbai,2025-04-04,,64.0
C1043,Customer 43,female,Mumbai,2026-05-01,3019.36,59.0
C1044,Customer 44,M,DELHI,2025-07-05,2317.26,55.0
C1045,Customer 45,female,mumbai,2025-02-03,2834.03,35.0
C1046,Customer 46,Male,jaipur,2025-03-19,1956.41,62.0
C1047,Customer 47,male,Mumbai,2025-01-01,2577.93,52.0
C1048,Customer 48,Female,Delhi,2025-01-12,2359.89,47.0
C1049,Customer 49,Male,jaipur,2026-02-20,3551.0,41.0
C1050,Customer 50,Female,Delhi,2025-01-23,2728.98,59.0
C1051,Customer 51,F,Jaipur,2025-03-14,2803.84,47.0
C1052,Customer 52,male,jaipur,2025-07-02,2129.31,31.0
C1053,Customer 53,male,Mumbai,2025-05-12,2061.15,23.0
C1054,Customer 54,Male,jaipur,2026-02-15,2110.7,20.0
C1055,Customer 55,male,jaipur,2025-07-13,2855.01,33.0
C1056,Customer 56,female,jaipur,2025-02-25,2121.11,24.0
C1057,Customer 57,male,mumbai,2025-05-29,2760.8,31.0
C1058,Customer 58,Female,jaipur,2025-01-19,4367.86,26.0
C1059,Customer 59,Female,Delhi,2025-07-24,3284.01,32.0
C1060,Customer 60,Female,Jaipur,2025-03-20,2206.58,38.0
C1061,Customer 61,Female,DELHI,2026-05-10,3581.09,52.0
C1062,Customer 62,female,jaipur,2025-09-20,2132.73,19.0
C1063,Customer 63,M,Mumbai,2025-11-20,665.69,44.0
C1064,Customer 64,F,jaipur,2026-04-29,1592.72,19.0
C1065,Customer 65,Male,Mumbai,2025-03-21,816.29,52.0
C1066,Customer 66,Female,Delhi,2025-02-09,2183.64,35.0
C1067,Customer 67,male,Mumbai,2026-03-28,2516.58,31.0
C1068,Customer 68,Female,DELHI,2025-02-16,4008.79,37.0
C1069,Customer 69,male,Jaipur,2025-08-27,2794.23,35.0
C1070,Customer 70,F,Mumbai,2026-01-27,2302.81,27.0
C1071,Customer 71,F,Mumbai,2025-12-19,3246.47,42.0
C1072,Customer 72,F,Jaipur,2025-12-08,509.98,19.0
C1073,Customer 73,male,DELHI,2025-10-05,2712.05,42.0
C1074,Customer 74,Female,jaipur,2025-10-18,3193.78,50.0
C1075,Customer 75,F,Mumbai,2025-11-14,1169.27,53.0
C1076,Customer 76,female,Jaipur,2025-11-01,3529.38,48.0
C1077,Customer 77,male,Delhi,2025-09-26,2804.65,31.0
C1078,Customer 78,male,Jaipur,2025-03-11,2126.24,
C1079,Customer 79,Female,Delhi,2026-04-01,18000.0,63.0
C1080,Customer 80,male,,,4543.62,33.0
C1081,Customer 81,male,jaipur,2025-06-04,2663.68,63.0
C1082,Customer 82,F,Jaipur,2025-03-24,2723.4,20.0
C1083,Customer 83,Female,mumbai,2026-04-23,2086.58,52.0
C1084,Customer 84,F,Mumbai,2025-06-22,1735.14,58.0
C1085,Customer 85,F,DELHI,2025-11-18,3247.3,23.0
C1086,Customer 86,Female,Jaipur,2025-04-01,1729.52,42.0
C1087,Customer 87,Male,Mumbai,2025-06-30,2564.41,30.0
C1088,Customer 88,F,Jaipur,2026-02-19,2070.11,51.0
C1089,Customer 89,female,Delhi,2025-11-09,2931.08,25.0
C1090,Customer 90,female,Jaipur,2025-10-06,2800.3,38.0
C1091,Customer 91,male,mumbai,2026-01-17,3433.79,51.0
C1092,Customer 92,female,Jaipur,2026-04-18,2040.99,21.0
C1093,Customer 93,male,Jaipur,2025-12-29,2257.11,42.0
C1094,Customer 94,Male,mumbai,2025-11-21,1619.11,32.0
C1095,Customer 95,Female,DELHI,2026-03-08,2100.14,21.0
C1096,Customer 96,Female,Jaipur,2025-12-14,2839.57,62.0
C1097,Customer 97,Female,mumbai,2025-03-28,3181.29,29.0
C1098,Customer 98,female,Mumbai,2025-03-17,1670.05,49.0
C1099,Customer 99,Male,Delhi,2026-03-15,3282.65,49.0
C1100,Customer 100,female,Delhi,2025-01-16,3720.07,45.0
C1101,Customer 101,female,Jaipur,2025-09-07,2872.09,30.0
C1102,Customer 102,Male,DELHI,2026-03-10,4189.12,48.0
C1103,Customer 103,,DELHI,2025-01-20,1803.59,31.0
C1104,Customer 104,Male,Mumbai,2025-11-19,1379.81,37.0
C1105,Customer 105,Male,Jaipur,2025-11-29,899.15,
C1106,Customer 106,Female,Delhi,2025-02-26,3846.44,46.0
C1107,Customer 107,M,DELHI,2025-10-29,3088.93,23.0
C1108,Customer 108,M,Jaipur,2025-08-18,2449.97,49.0
C1109,Customer 109,Male,DELHI,2025-11-28,2751.97,46.0
C1110,Customer 110,M,mumbai,2025-05-13,1487.06,60.0
C1111,Customer 111,M,DELHI,2025-05-18,4701.18,19.0
C1112,Customer 112,Male,Delhi,2026-02-28,2616.3,40.0
C1113,Customer 113,M,jaipur,2025-12-02,2598.46,36.0
C1114,Customer 114,female,Mumbai,2025-01-26,3153.19,48.0
C1115,Customer 115,male,Mumbai,2026-04-10,2932.91,22.0
C1116,Customer 116,male,Delhi,2025-10-09,2701.5,36.0
C1117,Customer 117,Male,DELHI,2025-09-05,1788.57,51.0
C1118,Customer 118,Female,Jaipur,2025-08-26,2924.32,27.0
C1119,Customer 119,Male,DELHI,2025-04-28,4193.82,42.0
C1120,Customer 120,Female,Delhi,2025-02-12,3710.88,19.0
C1121,Customer 121,male,Mumbai,2025-08-09,3933.87,28.0
C1122,Customer 122,Male,DELHI,2025-06-26,2039.91,48.0
C1123,Customer 123,F,Mumbai,2025-11-17,1609.36,32.0
C1124,Customer 124,female,Jaipur,2025-06-03,2386.79,26.0
C1125,Customer 125,M,Mumbai,2025-08-20,2550.15,40.0
C1126,Customer 126,Female,Mumbai,2025-08-16,3484.77,36.0
C1127,Customer 127,F,jaipur,2026-02-22,976.78,26.0
C1128,Customer 128,M,jaipur,2025-07-23,3876.6,52.0
C1129,Customer 129,M,mumbai,2025-05-07,2357.79,38.0
C1130,Customer 130,Male,jaipur,2025-11-26,,26.0
C1131,Customer 131,M,Mumbai,2025-02-01,1589.11,45.0
C1132,Customer 132,female,Delhi,2025-04-24,1010.63,63.0
C1133,Customer 133,F,Mumbai,2026-04-16,3240.85,24.0
C1134,Customer 134,M,Delhi,2025-09-29,2565.99,33.0
C1135,Customer 135,Male,Delhi,2025-05-21,1339.04,33.0
C1136,Customer 136,female,jaipur,2025-02-27,1334.43,50.0
C1137,Customer 137,male,DELHI,2025-07-12,2197.79,21.0
C1138,Customer 138,F,Jaipur,2025-01-25,4002.12,21.0
C1139,Customer 139,M,jaipur,2025-01-18,2266.37,56.0
C1140,Customer 140,Male,jaipur,2025-09-23,1147.17,57.0
C1141,Customer 141,,DELHI,2025-03-08,2278.83,34.0
C1142,Customer 142,male,Jaipur,2025-07-28,,54.0
C1143,Customer 143,Female,Mumbai,2026-04-25,72.8,56.0
C1144,Customer 144,female,mumbai,2025-04-05,2451.13,46.0
C1145,Customer 145,M,mumbai,2025-09-11,2292.16,53.0
C1146,Customer 146,Male,Mumbai,2025-09-24,3126.59,55.0
C1147,Customer 147,Female,jaipur,2025-01-24,4164.06,56.0
C1148,Customer 148,female,Jaipur,2025-08-11,3513.91,54.0
C1149,Customer 149,Female,jaipur,2025-09-19,2258.0,52.0
C1150,Customer 150,F,Delhi,2026-03-03,1504.13,24.0
C1151,Customer 151,female,jaipur,2025-01-06,4816.02,44.0
C1152,Customer 152,female,jaipur,2025-04-27,2553.3,45.0
C1153,Customer 153,M,Mumbai,2025-02-15,2512.54,39.0
C1154,Customer 154,female,Mumbai,2025-01-17,2478.29,31.0
C1155,Customer 155,Female,Mumbai,2026-04-08,2678.28,24.0
C1156,Customer 156,female,mumbai,2025-12-24,2370.08,54.0
C1157,Customer 157,,Delhi,2025-01-04,1983.7,39.0
C1158,Customer 158,M,Mumbai,2025-08-07,2007.83,22.0
C1159,Customer 159,F,Jaipur,2026-02-10,2470.52,19.0
C1160,Customer 160,Female,mumbai,2025-03-02,2010.92,44.0
C1161,Customer 161,male,DELHI,2025-04-21,1858.44,38.0
C1162,Customer 162,male,Jaipur,2025-11-15,2595.79,55.0
C1163,Customer 163,female,Jaipur,2026-03-05,2270.52,32.0
C1164,Customer 164,F,Mumbai,2025-01-30,3853.59,38.0
C1165,Customer 165,Male,DELHI,2026-03-14,114.13,27.0
C1166,Customer 166,female,DELHI,2026-04-17,3482.36,40.0
C1167,Customer 167,F,mumbai,2025-01-27,3621.48,56.0
C1168,Customer 168,Female,DELHI,2025-01-08,633.95,22.0
C1169,Customer 169,Female,Delhi,2026-03-30,2191.58,18.0
C1170,Customer 170,Female,Mumbai,2025-04-19,2165.7,30.0
C1171,Customer 171,Female,DELHI,2025-02-07,1233.24,38.0
C1172,Customer 172,Female,mumbai,2025-06-07,,43.0
C1173,Customer 173,,Delhi,2026-05-05,1500.48,62.0
C1174,Customer 174,F,jaipur,2025-04-29,4077.04,38.0
C1175,Customer 175,M,jaipur,2025-04-25,3342.11,35.0
C1176,Customer 176,male,Delhi,2025-06-25,3644.4,54.0
C1177,Customer 177,Female,mumbai,2026-01-09,3149.5,62.0
C1178,Customer 178,Male,Delhi,2025-07-01,1483.85,49.0
C1179,Customer 179,F,Mumbai,2025-05-25,2027.93,53.0
C1180,Customer 180,Male,Mumbai,2026-01-05,2940.44,34.0
C1181,Customer 181,Male,jaipur,2026-01-26,1400.08,52.0
C1182,Customer 182,Male,DELHI,2025-07-15,3141.7,28.0
C1183,Customer 183,M,mumbai,2026-02-09,2283.71,38.0
C1184,Customer 184,F,jaipur,2025-10-03,2162.66,43.0
C1185,Customer 185,Male,DELHI,2026-03-31,3139.86,
C1186,Customer 186,Female,DELHI,2025-05-22,2899.84,51.0
C1187,Customer 187,female,Mumbai,2026-01-01,2175.13,35.0
C1188,Customer 188,Male,Jaipur,2025-03-09,3543.4,57.0
C1189,Customer 189,M,Jaipur,2025-07-30,1527.04,52.0
C1190,Customer 190,F,Delhi,2025-06-18,3054.34,58.0
C1191,Customer 191,M,Mumbai,2026-05-09,3033.79,46.0
C1192,Customer 192,Male,DELHI,2026-01-11,2221.41,46.0
C1193,Customer 193,F,mumbai,2026-02-05,2793.52,55.0
C1194,Customer 194,female,Jaipur,2025-09-30,1374.0,59.0
C1195,Customer 195,Male,DELHI,2025-04-20,3331.62,38.0
C1196,Customer 196,M,Jaipur,2025-09-06,2333.59,59.0
C1197,Customer 197,male,Jaipur,2025-05-26,2029.55,30.0
C1198,Customer 198,Female,Jaipur,2025-04-03,3444.11,58.0
C1199,Customer 199,M,mumbai,2025-06-02,1866.09,34.0
C1200,Customer 200,F,Mumbai,2026-01-03,1232.38,26.0
C1201,Customer 201,Male,mumbai,2026-04-13,1099.03,58.0
C1202,Customer 202,,jaipur,2025-03-25,3045.41,18.0
C1203,Customer 203,Male,DELHI,2025-09-03,1347.61,19.0
C1204,Customer 204,F,Mumbai,2025-06-15,4079.31,46.0
C1205,Customer 205,Male,Mumbai,2025-06-13,25000.0,50.0
C1206,Customer 206,male,Mumbai,2025-07-19,4026.81,27.0
C1207,Customer 207,Female,Mumbai,2025-08-17,2689.92,120.0
C1208,Customer 208,Female,mumbai,2025-03-16,2412.96,38.0
C1209,Customer 209,F,Mumbai,2026-04-24,35000.0,45.0
C1210,Customer 210,male,Delhi,2025-12-25,2859.22,28.0
C1211,Customer 211,M,DELHI,2025-09-08,2466.13,51.0
C1212,Customer 212,Male,Mumbai,2025-04-30,3492.97,25.0
C1213,Customer 213,female,DELHI,2025-11-07,2602.8,39.0
C1214,Customer 214,Male,Delhi,2025-10-27,2635.27,25.0
C1215,Customer 215,Male,Delhi,2025-09-13,2172.75,32.0
C1216,Customer 216,M,DELHI,2025-12-21,2448.75,34.0
C1217,Customer 217,Male,Jaipur,2026-02-04,2777.02,40.0
C1218,Customer 218,male,jaipur,2025-08-14,960.85,41.0
C1219,Customer 219,male,Jaipur,2025-12-20,1286.63,62.0
C1220,Customer 220,Female,Jaipur,2025-08-23,3168.94,36.0
C1221,Customer 221,F,,2026-01-18,2653.78,22.0
C1222,Customer 222,female,Jaipur,2025-10-02,2334.41,49.0
C1223,Customer 223,Male,Mumbai,2025-02-06,2516.59,61.0
C1224,Customer 224,Male,mumbai,2025-07-16,2812.82,18.0
C1225,Customer 225,,mumbai,2025-05-20,2014.22,40.0
C1226,Customer 226,F,Delhi,2025-12-31,1799.53,54.0
C1227,Customer 227,male,Jaipur,2025-09-02,2676.26,25.0
C1228,Customer 228,female,Delhi,2026-03-16,1619.46,30.0
C1229,Customer 229,Female,DELHI,2025-10-14,2867.43,25.0
C1230,Customer 230,male,jaipur,2025-03-01,967.67,40.0
C1231,Customer 231,F,mumbai,2025-04-22,3426.24,60.0
C1232,Customer 232,Female,DELHI,2025-03-31,2925.34,18.0
C1233,Customer 233,M,DELHI,2026-03-13,2730.43,62.0
C1234,Customer 234,M,Mumbai,2025-01-07,3384.42,41.0
C1235,Customer 235,Male,jaipur,2025-12-27,15000.0,52.0
C1236,Customer 236,F,DELHI,2025-12-13,3412.93,41.0
C1237,Customer 237,female,DELHI,2025-12-05,843.21,34.0
C1238,Customer 238,Female,jaipur,2025-06-08,1348.38,22.0
C1239,Customer 239,male,jaipur,2025-05-31,20000.0,37.0
C1240,Customer 240,F,DELHI,2025-06-27,2523.48,38.0
C1241,Customer 241,F,jaipur,2026-01-29,2965.89,57.0
C1242,Customer 242,M,DELHI,2025-07-04,1846.83,48.0
C1243,Customer 243,Male,DELHI,2026-03-26,2668.09,63.0
C1244,Customer 244,Male,Mumbai,2025-01-11,1820.16,53.0
C1245,Customer 245,Female,Jaipur,2026-01-16,1949.63,28.0
C1246,Customer 246,M,DELHI,2025-04-14,1234.01,32.0
C1247,Customer 247,F,Delhi,2025-03-23,1669.09,36.0
C1248,Customer 248,female,mumbai,2025-02-08,1283.48,24.0
C1249,Customer 249,M,Jaipur,2025-11-11,,45.0
C1250,Customer 250,Female,Jaipur,2025-06-17,3448.28,60.0
C1251,Customer 251,Female,Jaipur,2026-04-15,1645.54,22.0
C1252,Customer 252,M,Mumbai,2025-10-24,4869.14,22.0
C1253,Customer 253,Female,DELHI,2026-04-20,2943.99,47.0
C1254,Customer 254,M,Mumbai,2025-07-18,2666.35,49.0
C1255,Customer 255,male,DELHI,2025-10-25,1727.48,25.0
C1256,Customer 256,M,Mumbai,2026-02-21,3130.28,27.0
C1257,Customer 257,M,Mumbai,2025-05-27,1981.93,55.0
C1258,Customer 258,Female,mumbai,2026-01-28,2609.81,64.0
C1259,Customer 259,Female,Delhi,2025-05-28,4804.08,49.0
C1260,Customer 260,Male,Mumbai,2026-03-24,2413.55,45.0
C1261,Customer 261,Male,,2025-10-15,3534.35,34.0
C1262,Customer 262,male,jaipur,2025-05-04,1867.14,
C1263,Customer 263,Male,Delhi,2026-01-04,2468.51,25.0
C1264,Customer 264,M,Mumbai,2025-04-07,4093.72,57.0
C1265,Customer 265,Female,Jaipur,2025-05-24,1935.73,
C1266,Customer 266,Male,jaipur,2025-08-28,4131.2,26.0
C1267,Customer 267,Male,jaipur,2026-03-19,3136.98,19.0
C1268,Customer 268,male,mumbai,2025-04-08,1993.78,32.0
C1269,Customer 269,F,jaipur,2026-02-12,3069.17,20.0
C1270,Customer 270,male,Delhi,2025-05-03,3375.3,53.0
C1271,Customer 271,M,Mumbai,2025-07-03,30000.0,21.0
C1272,Customer 272,Female,Mumbai,2025-07-22,1086.8,31.0
C1273,Customer 273,male,Jaipur,2025-09-04,1845.58,58.0
C1274,Customer 274,Male,mumbai,2025-11-02,2277.23,58.0
C1275,Customer 275,Female,Jaipur,2025-10-26,2433.01,42.0
C1276,Customer 276,Female,jaipur,2025-12-18,3058.6,27.0
C1277,Customer 277,Male,Jaipur,2026-01-22,2659.93,38.0
C1278,Customer 278,male,Delhi,2026-01-31,1298.19,53.0
C1279,Customer 279,Male,Mumbai,2025-10-12,2842.18,29.0
C1280,Customer 280,F,jaipur,2025-05-06,3049.53,44.0
C1281,Customer 281,Female,Jaipur,2025-10-30,3003.81,57.0
C1282,Customer 282,female,,2025-08-12,3472.7,19.0
C1283,Customer 283,female,Delhi,2026-02-23,3250.53,30.0
C1284,Customer 284,M,Delhi,2025-08-08,2913.26,49.0
C1285,Customer 285,Male,Jaipur,2025-05-10,2436.85,48.0
C1286,Customer 286,Male,Mumbai,2026-02-25,1005.14,33.0
C1287,Customer 287,M,Jaipur,2025-10-17,2886.66,49.0
C1288,Customer 288,M,jaipur,2026-03-21,2686.92,49.0
C1289,Customer 289,M,Jaipur,2026-01-12,2744.42,51.0
C1290,Customer 290,Female,Delhi,2025-10-19,1350.93,28.0
C1291,Customer 291,F,Jaipur,2025-12-22,1527.05,27.0
C1292,Customer 292,Male,Mumbai,2025-10-22,3447.84,32.0
C1293,Customer 293,Female,mumbai,2026-02-01,,34.0
C1294,Customer 294,M,DELHI,2025-12-07,3113.35,57.0
C1295,Customer 295,Male,Jaipur,2025-04-23,2525.49,35.0
C1296,Customer 296,Female,Mumbai,2025-06-29,2526.78,26.0
C1297,Customer 297,F,Mumbai,2025-11-04,3344.46,42.0
C1298,Customer 298,Female,mumbai,2026-03-09,2035.56,57.0
C1299,Customer 299,F,Delhi,2026-05-03,2586.51,31.0
C1300,Customer 300,M,Mumbai,2026-04-27,2083.95,42.0
C1301,Customer 301,F,Mumbai,2026-02-27,2108.95,39.0
C1302,Customer 302,Male,Mumbai,2025-08-22,2221.75,47.0
C1303,Customer 303,M,Mumbai,2025-11-08,,37.0
C1304,Customer 304,Male,jaipur,2025-06-14,2069.13,38.0
C1305,Customer 305,female,jaipur,2025-05-17,3630.18,61.0
C1306,Customer 306,male,Delhi,2025-07-17,1694.85,49.0
C1307,Customer 307,F,Jaipur,2025-09-16,2331.82,63.0
C1308,Customer 308,male,Mumbai,2025-08-21,2104.24,38.0
C1309,Customer 309,male,mumbai,2025-04-26,3802.28,52.0
C1310,Customer 310,F,Jaipur,2025-05-01,2676.9,49.0
C1311,Customer 311,M,mumbai,2025-12-16,3428.66,47.0
C1312,Customer 312,female,Jaipur,2025-08-13,1163.0,56.0
C1313,Customer 313,Male,Delhi,2026-02-07,2740.35,29.0
C1314,Customer 314,Female,Mumbai,2026-02-02,3300.67,58.0
C1315,Customer 315,Male,Mumbai,2025-05-08,2574.06,64.0
C1316,Customer 316,Female,DELHI,2025-10-13,3458.93,35.0
C1317,Customer 317,Male,mumbai,2026-02-16,2034.44,38.0
C1318,Customer 318,F,Jaipur,2025-04-18,3768.41,30.0
C1319,Customer 319,female,Jaipur,2026-01-06,4569.01,38.0
C1320,Customer 320,Female,jaipur,2025-11-22,2173.45,25.0
C1321,Customer 321,M,DELHI,2025-05-14,2099.05,63.0
C1322,Customer 322,Male,jaipur,2026-03-29,3808.05,57.0
C1323,Customer 323,Male,jaipur,2025-02-14,3921.61,63.0
C1324,Customer 324,Female,jaipur,2026-04-06,2029.43,24.0
C1325,Customer 325,M,mumbai,2025-03-07,2121.83,40.0
C1326,Customer 326,M,mumbai,2025-10-11,2246.39,61.0
C1327,Customer 327,F,Delhi,2025-03-27,1289.99,49.0
C1328,Customer 328,F,Delhi,,1673.21,28.0
C1329,Customer 329,F,jaipur,2025-07-06,1596.27,39.0
C1330,Customer 330,F,DELHI,2026-01-19,1808.98,39.0
C1331,Customer 331,F,Jaipur,2025-06-09,2468.78,60.0
C1332,Customer 332,F,mumbai,2025-01-13,2710.79,42.0
C1333,Customer 333,female,DELHI,2025-02-05,3895.45,39.0
C1334,Customer 334,M,Mumbai,2025-01-29,1601.48,45.0
C1335,Customer 335,F,mumbai,2025-06-20,3385.89,46.0
C1336,Customer 336,M,mumbai,2025-05-23,2307.41,30.0
C1337,Customer 337,M,Delhi,2026-02-03,,35.0
C1338,Customer 338,male,Jaipur,2025-12-09,3107.34,19.0
C1339,Customer 339,female,Jaipur,2025-08-10,1489.55,46.0
C1340,Customer 340,F,Mumbai,2025-04-06,2844.17,38.0
C1341,Customer 341,Male,Mumbai,,2649.81,32.0
C1342,Customer 342,Female,mumbai,2025-08-29,2943.21,
C1343,Customer 343,Male,jaipur,2026-04-30,2760.25,48.0
C1344,Customer 344,female,Delhi,2026-01-14,4709.77,32.0
C1345,Customer 345,Female,,2025-06-28,1926.03,40.0
C1346,Customer 346,female,mumbai,2025-02-11,2022.1,41.0
C1347,Customer 347,M,DELHI,2026-05-14,1939.17,61.0
C1348,Customer 348,Female,jaipur,2026-02-26,2000.07,30.0
C1349,Customer 349,M,mumbai,2025-07-26,1926.35,39.0
C1350,Customer 350,Male,jaipur,2025-10-10,3570.11,60.0
C1351,Customer 351,Male,jaipur,2025-09-12,3778.45,54.0
C1352,Customer 352,Female,jaipur,2026-02-17,1986.33,50.0
C1353,Customer 353,Female,mumbai,2025-01-05,1750.88,20.0
C1354,Customer 354,F,Delhi,2025-09-14,2924.27,36.0
C1355,Customer 355,female,Delhi,2026-03-25,2003.0,40.0
C1356,Customer 356,F,jaipur,2025-04-11,3069.64,46.0
C1357,Customer 357,female,DELHI,2025-08-15,2682.63,47.0
C1358,Customer 358,F,Jaipur,2026-03-06,1135.83,56.0
C1359,Customer 359,,mumbai,2025-08-02,3892.75,61.0
C1360,Customer 360,Female,Jaipur,2025-06-21,4116.29,64.0
C1361,Customer 361,Male,DELHI,2025-04-09,1948.49,42.0
C1362,Customer 362,female,mumbai,2025-10-20,2151.07,54.0
C1363,Customer 363,female,jaipur,2025-08-04,2757.28,64.0
C1364,Customer 364,Male,Delhi,2025-03-03,2801.01,25.0
C1365,Customer 365,F,Jaipur,2025-02-17,3092.69,59.0
C1366,Customer 366,female,Mumbai,2025-02-02,4309.18,33.0
C1367,Customer 367,M,Mumbai,2025-09-25,2340.75,25.0
C1368,Customer 368,Female,DELHI,2025-11-24,1781.53,18.0
C1369,Customer 369,Male,jaipur,2025-07-20,1258.61,61.0
C1370,Customer 370,Female,Jaipur,2026-03-23,,22.0
C1371,Customer 371,female,,2025-01-28,2470.19,20.0
C1372,Customer 372,female,Jaipur,2026-03-01,4115.1,18.0
C1373,Customer 373,Male,DELHI,2025-08-19,2034.15,21.0
C1374,Customer 374,M,DELHI,2025-09-18,2701.41,57.0
C1375,Customer 375,male,Mumbai,2025-10-16,2485.22,52.0
C1376,Customer 376,Male,jaipur,2025-06-12,22000.0,49.0
C1377,Customer 377,male,mumbai,2026-03-02,4774.24,59.0
C1378,Customer 378,F,Mumbai,2025-05-19,2022.22,51.0
C1379,Customer 379,male,jaipur,2025-03-04,2059.5,60.0
C1380,Customer 380,M,Mumbai,2025-05-16,3439.74,42.0
C1381,Customer 381,F,mumbai,2025-05-09,3113.7,27.0
C1382,Customer 382,male,Delhi,2026-04-22,,38.0
C1383,Customer 383,F,Delhi,2025-01-09,3025.54,63.0
C1384,Customer 384,male,Delhi,2025-11-23,2176.64,56.0
C1385,Customer 385,M,Delhi,2026-04-09,3031.59,44.0
C1386,Customer 386,male,Jaipur,2025-03-06,3497.83,44.0
C1387,Customer 387,male,Delhi,2025-10-28,3238.43,19.0
C1388,Customer 388,male,mumbai,,2956.55,58.0
C1389,Customer 389,Male,DELHI,2025-06-06,3460.01,30.0
C1390,Customer 390,Male,DELHI,2025-02-10,3552.37,26.0
C1391,Customer 391,Male,Jaipur,2026-01-15,3743.94,53.0
C1392,Customer 392,M,Delhi,2026-04-14,3083.84,39.0
C1393,Customer 393,F,Delhi,2026-02-08,2349.59,59.0
C1394,Customer 394,female,Delhi,2025-08-05,2632.04,43.0
C1395,Customer 395,male,Mumbai,2025-10-07,3585.86,29.0
C1396,Customer 396,male,jaipur,2026-03-11,1764.76,34.0
C1397,Customer 397,M,Mumbai,2026-03-07,2831.81,31.0
C1398,Customer 398,male,jaipur,2025-12-04,2146.0,31.0
C1399,Customer 399,Male,Delhi,2025-08-25,2525.87,51.0
C1400,Customer 400,female,Delhi,2025-07-27,3650.61,37.0
C1401,Customer 401,Female,Mumbai,2025-08-01,2671.99,28.0
C1402,Customer 402,male,Mumbai,2025-10-23,2541.79,33.0
C1403,Customer 403,Male,jaipur,2026-04-03,1276.13,48.0
C1404,Customer 404,Female,DELHI,2025-09-09,3171.63,23.0
C1405,Customer 405,female,jaipur,2026-05-04,3080.94,36.0
C1406,Customer 406,Female,Mumbai,2026-05-02,4446.93,54.0
C1407,Customer 407,Male,mumbai,2025-10-31,2223.0,21.0
C1408,Customer 408,F,Mumbai,2025-12-17,2697.24,64.0
C1409,Customer 409,F,mumbai,2025-09-27,2724.45,21.0
C1410,Customer 410,Female,Jaipur,2025-07-21,3919.71,37.0
C1411,Customer 411,M,Mumbai,2025-06-11,2414.23,27.0
C1412,Customer 412,Female,Jaipur,2025-02-13,2751.12,41.0
C1413,Customer 413,male,DELHI,2025-08-06,3047.11,52.0
C1414,Customer 414,male,jaipur,2026-02-06,2667.95,43.0
C1415,Customer 415,F,mumbai,2025-07-10,2098.21,54.0
C1416,Customer 416,M,jaipur,2025-11-06,2674.68,55.0
C1417,Customer 417,Male,Jaipur,2025-09-17,3466.27,38.0
C1418,Customer 418,male,mumbai,2025-04-16,1576.14,57.0
C1419,Customer 419,F,jaipur,2025-02-23,2619.67,56.0
C1420,Customer 420,female,Mumbai,2026-01-25,1869.89,38.0
C1421,Customer 421,F,Delhi,2025-01-02,3575.54,27.0
C1422,Customer 422,male,Jaipur,2026-03-18,1129.13,55.0
C1423,Customer 423,male,jaipur,2026-04-28,1996.97,63.0
C1424,Customer 424,F,Jaipur,2025-02-19,2839.49,21.0
C1425,Customer 425,Male,Jaipur,2026-02-24,3908.97,62.0
C1426,Customer 426,Female,mumbai,2025-03-22,2440.82,37.0
C1427,Customer 427,male,mumbai,2025-07-25,2000.32,34.0
C1428,Customer 428,F,Delhi,2025-02-04,4193.04,24.0
C1429,Customer 429,F,Mumbai,2025-09-21,1196.79,21.0
C1430,Customer 430,M,Jaipur,2026-03-04,521.07,46.0
C1431,Customer 431,Female,jaipur,2026-01-02,2896.01,-2.0
C1432,Customer 432,female,DELHI,2025-04-02,2048.15,20.0
C1433,Customer 433,Male,Jaipur,2025-12-06,1580.89,41.0
C1434,Customer 434,female,Jaipur,2026-04-19,3137.52,54.0
C1435,Customer 435,,Delhi,2025-02-22,2719.42,33.0
C1436,Customer 436,Female,Mumbai,2025-12-12,1992.33,21.0
C1437,Customer 437,Female,DELHI,2025-09-22,1347.73,41.0
C1438,Customer 438,female,mumbai,2025-08-30,3285.21,
C1439,Customer 439,Female,mumbai,2025-01-14,3085.18,47.0
C1440,Customer 440,F,jaipur,2025-11-12,2410.74,35.0
C1441,Customer 441,female,DELHI,2025-03-30,4161.97,36.0
C1442,Customer 442,Female,mumbai,2026-01-23,1536.92,48.0
C1443,Customer 443,F,,2025-10-01,1127.03,36.0
C1444,Customer 444,M,Mumbai,2025-06-16,1877.28,63.0
C1445,Customer 445,Female,jaipur,2025-11-25,2458.97,36.0
C1446,Customer 446,female,mumbai,2026-05-08,2719.01,39.0
C1447,Customer 447,male,Delhi,2025-05-15,2282.89,41.0
C1448,Customer 448,Female,Delhi,2025-11-03,2816.85,62.0
C1449,Customer 449,male,Delhi,2026-04-26,1373.61,29.0
C1450,Customer 450,F,mumbai,2025-11-16,3799.39,47.0
C1451,Customer 451,M,Delhi,2025-09-01,2426.06,55.0
C1452,Customer 452,Male,DELHI,2025-02-24,3505.57,48.0
C1453,Customer 453,M,Mumbai,2025-12-30,2808.45,53.0
C1454,Customer 454,Female,jaipur,2025-02-20,2911.08,
C1455,Customer 455,male,jaipur,2026-04-02,3012.79,62.0
C1456,Customer 456,male,mumbai,2025-06-24,2902.94,53.0
C1457,Customer 457,female,Delhi,2026-03-22,3078.45,47.0
C1458,Customer 458,male,Delhi,2025-07-09,3696.24,50.0
C1459,Customer 459,female,Jaipur,2026-05-12,2676.87,35.0
C1460,Customer 460,F,Mumbai,2025-07-07,3138.1,45.0
C1461,Customer 461,Male,DELHI,2025-06-19,2419.24,64.0
C1462,Customer 462,Female,jaipur,2025-02-28,3796.11,28.0
C1463,Customer 463,female,Jaipur,2025-02-18,1891.25,62.0
C1464,Customer 464,Male,Jaipur,2025-12-11,4120.85,50.0
C1465,Customer 465,male,mumbai,2025-08-24,2463.86,34.0
C1466,Customer 466,male,jaipur,2025-09-10,1212.3,23.0
C1467,Customer 467,Male,mumbai,2025-01-22,2615.29,150.0
C1468,Customer 468,male,DELHI,2025-11-10,1887.05,37.0
C1469,Customer 469,F,Jaipur,2026-04-05,3256.58,64.0
C1470,Customer 470,F,Jaipur,2025-06-10,1912.64,44.0
C1471,Customer 471,Male,Mumbai,2025-10-04,2098.43,32.0
C1472,Customer 472,female,DELHI,2026-03-20,799.41,23.0
C1473,Customer 473,female,Jaipur,2025-07-11,2092.92,64.0
C1474,Customer 474,Male,DELHI,2026-01-21,318.51,31.0
C1475,Customer 475,female,jaipur,2025-10-21,1074.49,28.0
C1476,Customer 476,female,Delhi,2026-02-18,,56.0
C1477,Customer 477,F,Jaipur,2025-12-10,3207.22,26.0
C1478,Customer 478,female,Mumbai,2025-09-15,2882.91,43.0
C1479,Customer 479,M,jaipur,2025-11-05,1629.72,33.0
C1480,Customer 480,Female,DELHI,2025-05-30,2457.06,5.0
C1481,Customer 481,male,mumbai,2025-05-11,2496.76,27.0
C1482,Customer 482,M,jaipur,2025-06-01,1457.47,20.0
C1483,Customer 483,female,Jaipur,2025-12-26,3853.06,30.0
C1484,Customer 484,F,DELHI,2025-04-10,3289.63,60.0
C1485,Customer 485,Male,Delhi,2026-01-08,2301.13,47.0
C1486,Customer 486,female,jaipur,,2524.2,62.0
C1487,Customer 487,F,Jaipur,2026-04-04,2687.54,23.0
C1488,Customer 488,Female,Mumbai,2025-11-27,662.44,34.0
C1489,Customer 489,female,,2025-08-03,2277.54,62.0
C1490,Customer 490,Male,DELHI,2026-04-12,1886.21,36.0
C1491,Customer 491,F,jaipur,2025-05-02,1598.54,59.0
C1492,Customer 492,F,jaipur,2026-05-15,2247.01,52.0
C1493,Customer 493,F,Delhi,2025-01-21,4117.92,63.0
C1494,Customer 494,Female,Delhi,2025-07-08,3076.76,43.0
C1495,Customer 495,female,Mumbai,2025-03-13,1985.94,22.0
C1496,Customer 496,Female,mumbai,2025-04-17,3015.32,46.0
C1497,Customer 497,male,Mumbai,2025-09-28,3759.42,54.0
C1498,Customer 498,male,Jaipur,2025-12-15,3332.17,37.0
C1499,Customer 499,female,Jaipur,2026-03-12,2553.67,38.0
C1500,Customer 500,Female,Mumbai,2025-04-13,1917.76,27.0
C1152,Customer 152,female,jaipur,2025-04-27,2553.3,45.0
C1425,Customer 425,Male,Jaipur,2026-02-24,3908.97,62.0
C1155,Customer 155,Female,Mumbai,2026-04-08,2678.28,24.0
C1191,Customer 191,M,Mumbai,2026-05-09,3033.79,46.0
C1132,Customer 132,female,Delhi,2025-04-24,1010.63,63.0
C1311,Customer 311,M,mumbai,2025-12-16,3428.66,47.0
C1267,Customer 267,Male,jaipur,2026-03-19,3136.98,19.0
C1496,Customer 496,Female,mumbai,2025-04-17,3015.32,46.0
C1158,Customer 158,M,Mumbai,2025-08-07,2007.83,22.0
C1283,Customer 283,female,Delhi,2026-02-23,3250.53,30.0
